disc,sample,timestamp,assay,vital,vitalc,predicate,uF_QC,outlier,instr,species,hem,ict,lip,biascorr_slope,biascorr_int
E-102,3197008-03,2026-04-23 17:56:12,AMY,371.3418109,468.4082209279654,451.8,PASS,FALSE,E,canine,0,0,2,0.8068823003743819,-6.608491916628395
E-102,3197008-03,2026-04-23 17:56:12,CHOL,144.929857,129.95092390515688,140.86,PASS,FALSE,E,canine,0,0,2,1.1526108146683927,-4.852983269233164
E-102,3197008-03,2026-04-23 17:56:12,TP,5.562274583,5.256302164496668,5.18,PASS,FALSE,E,canine,0,0,2,1.0215531074533013,0.19268277314491566
E-102,3197008-03,2026-04-23 17:56:12,PHOS,3.627489882,3.732765284102858,3.72,PASS,FALSE,E,canine,0,0,2,1.243620294351967,-1.0146527793628
E-102,3197008-03,2026-04-23 17:56:12,TRIG,30.97084005,42.00020174101112,42.72,PASS,FALSE,E,canine,0,0,2,1.6566651059160242,-38.60942861576657
E-102,3197008-03,2026-04-23 17:56:12,BUN,11.02295186,7.144996852546695,6.56,PASS,FALSE,E,canine,0,0,2,1.4556444062305274,0.6223771590556773
E-102,3197008-03,2026-04-23 17:56:12,AST,75.04047411,71.42087266068202,73.7,PASS,FALSE,E,canine,0,0,2,1.0527500542043366,-0.1478534548540118
E-102,3197008-03,2026-04-23 17:56:12,CK,125.3184651,15.092115173052504,18.32439759,PASS,FALSE,E,canine,0,0,2,5.148580565404912,47.615494229169286
E-102,3197008-03,2026-04-23 17:56:12,GLU,95.67437526,95.76979963809602,94.19,PASS,FALSE,E,canine,0,0,2,1.0318408759591173,-3.1448186890021503
E-102,3197008-03,2026-04-23 17:56:12,ALB,1.870084276,2.2801866383425864,2.37,PASS,FALSE,E,canine,0,0,2,0.8662807698293206,-0.10519756041794626
E-102,3197008-03,2026-04-23 17:56:12,ALP,1096.758997,1029.409737112256,1159.5,PASS,FALSE,E,canine,0,0,2,1.0463097700634147,19.677531661035232
E-102,3197008-03,2026-04-23 17:56:12,CREA,0.5549064346,0.5490252684422762,0.54,PASS,FALSE,E,canine,0,0,2,1.010613970791601,5.382799462660959e-5
E-102,3197008-03,2026-04-23 17:56:12,Ca,11.08019584,8.00406050091839,8.56,PASS,FALSE,E,canine,0,0,2,1.6124902376562238,-1.8262735793406897
E-102,3197008-03,2026-04-23 17:56:12,Mg,1.771287538,1.6204219886894569,1.73,PASS,FALSE,E,canine,0,0,2,1.109707539492933,-0.026906960008822534
E-102,3197008-03,2026-04-23 17:56:12,ALT,623.7883715,499.1060262670996,425.8,PASS,FALSE,E,canine,0,0,2,1.179201132613153,35.241980031786014
E-102,3197008-03,2026-04-23 17:56:12,TBIL,0.4230945659,0.5203944544944192,0.746,PASS,FALSE,E,canine,0,0,2,0.5183781500886099,0.15333345126281167
E-102,3197008-03,2026-04-23 17:56:12,LAC,1.301643468,1.2019338364302343,1.21,PASS,FALSE,E,canine,0,0,2,1.0995168177878338,-0.019902999023293955
E-104,3199290-03,2026-04-23 18:24:02,AMY,491.6932268,NA,NA,PASS,FALSE,E,canine,NA,NA,NA,NA,NA
E-104,3199290-03,2026-04-23 18:24:02,CHOL,364.8018287,NA,NA,PASS,FALSE,E,canine,NA,NA,NA,NA,NA
E-104,3199290-03,2026-04-23 18:24:02,TP,6.692121245,NA,NA,PASS,FALSE,E,canine,NA,NA,NA,NA,NA
E-104,3199290-03,2026-04-23 18:24:02,PHOS,5.243742303,NA,NA,PASS,FALSE,E,canine,NA,NA,NA,NA,NA
E-104,3199290-03,2026-04-23 18:24:02,TRIG,26.95717631,NA,NA,PASS,FALSE,E,canine,NA,NA,NA,NA,NA
E-104,3199290-03,2026-04-23 18:24:02,BUN,22.11771443,NA,NA,PASS,FALSE,E,canine,NA,NA,NA,NA,NA
E-104,3199290-03,2026-04-23 18:24:02,AST,64.85668376,NA,NA,PASS,FALSE,E,canine,NA,NA,NA,NA,NA
E-104,3199290-03,2026-04-23 18:24:02,CK,142.2796755,18.386462068188653,17.3514098,PASS,FALSE,E,canine,NA,NA,NA,5.148580565404912,47.615494229169286
E-104,3199290-03,2026-04-23 18:24:02,GLU,52.77996668,NA,NA,PASS,FALSE,E,canine,NA,NA,NA,NA,NA
E-104,3199290-03,2026-04-23 18:24:02,ALB,2.441469961,NA,NA,PASS,FALSE,E,canine,NA,NA,NA,NA,NA
E-104,3199290-03,2026-04-23 18:24:02,ALP,2251.756244,NA,NA,PASS,FALSE,E,canine,NA,NA,NA,NA,NA
E-104,3199290-03,2026-04-23 18:24:02,CREA,0.5227551942,NA,NA,PASS,FALSE,E,canine,NA,NA,NA,NA,NA
E-104,3199290-03,2026-04-23 18:24:02,Ca,9.063019253,NA,NA,PASS,FALSE,E,canine,NA,NA,NA,NA,NA
E-104,3199290-03,2026-04-23 18:24:02,Mg,2.251252018,NA,NA,PASS,FALSE,E,canine,NA,NA,NA,NA,NA
E-104,3199290-03,2026-04-23 18:24:02,ALT,580.7215033,NA,NA,PASS,FALSE,E,canine,NA,NA,NA,NA,NA
E-104,3199290-03,2026-04-23 18:24:02,TBIL,0.2891955638,NA,NA,PASS,FALSE,E,canine,NA,NA,NA,NA,NA
E-104,3199290-03,2026-04-23 18:24:02,LAC,7.457770433,NA,NA,PASS,FALSE,E,canine,NA,NA,NA,NA,NA
E-105,3211753-01,2026-04-23 18:46:38,AMY,897.3408802,1120.2989230241,1225.7,PASS,FALSE,E,canine,0,0,0,0.8068823003743819,-6.608491916628395
E-105,3211753-01,2026-04-23 18:46:38,CHOL,479.3874269,420.12481924226057,419.31,PASS,FALSE,E,canine,0,0,0,1.1526108146683927,-4.852983269233164
E-105,3211753-01,2026-04-23 18:46:38,TP,6.533540216,6.2070756738850665,6.47,PASS,FALSE,E,canine,0,0,0,1.0215531074533013,0.19268277314491566
E-105,3211753-01,2026-04-23 18:46:38,PHOS,5.543529359,5.273460209798342,5.36,PASS,FALSE,E,canine,0,0,0,1.243620294351967,-1.0146527793628
E-105,3211753-01,2026-04-23 18:46:38,TRIG,35.77781711,44.901800285481016,42.14,PASS,FALSE,E,canine,0,0,0,1.6566651059160242,-38.60942861576657
E-105,3211753-01,2026-04-23 18:46:38,BUN,53.95053162,36.63542705394689,34.49,PASS,FALSE,E,canine,0,0,0,1.4556444062305274,0.6223771590556773
E-105,3211753-01,2026-04-23 18:46:38,AST,21.2775002,20.351795347136967,22.6,PASS,FALSE,E,canine,0,0,0,1.0527500542043366,-0.1478534548540118
E-105,3211753-01,2026-04-23 18:46:38,CK,36.20482261,NA,-8.439792612,PASS,FALSE,E,canine,0,0,0,NA,NA
E-105,3211753-01,2026-04-23 18:46:38,GLU,89.40903352,89.69779581853784,91.77,PASS,FALSE,E,canine,0,0,0,1.0318408759591173,-3.1448186890021503
E-105,3211753-01,2026-04-23 18:46:38,ALB,2.064713281,2.5048586058830256,2.47,PASS,FALSE,E,canine,0,0,0,0.8662807698293206,-0.10519756041794626
E-105,3211753-01,2026-04-23 18:46:38,ALP,70.71960811,48.78294928458061,48,PASS,FALSE,E,canine,0,0,0,1.0463097700634147,19.677531661035232
E-105,3211753-01,2026-04-23 18:46:38,CREA,1.74696536,1.7285645978523727,1.68,PASS,FALSE,E,canine,0,0,0,1.010613970791601,5.382799462660959e-5
E-105,3211753-01,2026-04-23 18:46:38,Ca,12.59908564,8.946013366448744,9.46,PASS,FALSE,E,canine,0,0,0,1.6124902376562238,-1.8262735793406897
E-105,3211753-01,2026-04-23 18:46:38,Mg,2.861756634,2.603085489829835,2.67,PASS,FALSE,E,canine,0,0,0,1.109707539492933,-0.026906960008822534
E-105,3211753-01,2026-04-23 18:46:38,ALT,77.64241395,35.95691417311741,41.2,PASS,FALSE,E,canine,0,0,0,1.179201132613153,35.241980031786014
E-105,3211753-01,2026-04-23 18:46:38,TBIL,0.2082834909,0.10600377278208072,0.122,PASS,FALSE,E,canine,0,0,0,0.5183781500886099,0.15333345126281167
E-105,3211753-01,2026-04-23 18:46:38,LAC,2.409454827,2.209477642107399,2.2,PASS,FALSE,E,canine,0,0,0,1.0995168177878338,-0.019902999023293955
E-107,3197857-01,2026-04-23 19:37:48,AMY,291.1655448,369.0427173560078,406.6,PASS,FALSE,E,canine,3,0,0,0.8068823003743819,-6.608491916628395
E-107,3197857-01,2026-04-23 19:37:48,CHOL,249.2263323,220.438080517518,232.53,PASS,FALSE,E,canine,3,0,0,1.1526108146683927,-4.852983269233164
E-107,3197857-01,2026-04-23 19:37:48,TP,4.249155425,3.970887682939694,4.01,PASS,FALSE,E,canine,3,0,0,1.0215531074533013,0.19268277314491566
E-107,3197857-01,2026-04-23 19:37:48,PHOS,5.588590833,5.3096943193610855,5.41,PASS,FALSE,E,canine,3,0,0,1.243620294351967,-1.0146527793628
E-107,3197857-01,2026-04-23 19:37:48,TRIG,207.5901495,148.6115553690224,186.97,PASS,FALSE,E,canine,3,0,0,1.6566651059160242,-38.60942861576657
E-107,3197857-01,2026-04-23 19:37:48,BUN,16.60142632,10.977302624562661,12.52,PASS,FALSE,E,canine,3,0,0,1.4556444062305274,0.6223771590556773
E-107,3197857-01,2026-04-23 19:37:48,AST,31.54936841,30.108971961830594,39.3,PASS,FALSE,E,canine,3,0,0,1.0527500542043366,-0.1478534548540118
E-107,3197857-01,2026-04-23 19:37:48,CK,NA,NA,113.0175649,PASS,FALSE,E,canine,3,0,0,NA,NA
E-107,3197857-01,2026-04-23 19:37:48,GLU,149.1250499,147.57107625481902,157.19,PASS,FALSE,E,canine,3,0,0,1.0318408759591173,-3.1448186890021503
E-107,3197857-01,2026-04-23 19:37:48,ALB,1.66944813,2.048580266612171,2.25,PASS,FALSE,E,canine,3,0,0,0.8662807698293206,-0.10519756041794626
E-107,3197857-01,2026-04-23 19:37:48,ALP,55.06773374,33.82382836472973,39.2,PASS,FALSE,E,canine,3,0,0,1.0463097700634147,19.677531661035232
E-107,3197857-01,2026-04-23 19:37:48,CREA,0.6996463331,0.6922450365072546,0.68,PASS,FALSE,E,canine,3,0,0,1.010613970791601,5.382799462660959e-5
E-107,3197857-01,2026-04-23 19:37:48,Ca,NA,NA,NA,PASS,FALSE,E,canine,3,0,0,NA,NA
E-107,3197857-01,2026-04-23 19:37:48,Mg,NA,NA,NA,PASS,FALSE,E,canine,3,0,0,NA,NA
E-107,3197857-01,2026-04-23 19:37:48,ALT,NA,NA,NA,PASS,FALSE,E,canine,3,0,0,NA,NA
E-107,3197857-01,2026-04-23 19:37:48,TBIL,NA,NA,NA,PASS,FALSE,E,canine,3,0,0,NA,NA
E-107,3197857-01,2026-04-23 19:37:48,LAC,NA,NA,NA,PASS,FALSE,E,canine,3,0,0,NA,NA
E-109,3219617-03,2026-04-23 22:13:44,AMY,572.5451619,693.5946774650171,738.5,PASS,FALSE,E,feline,0,0,0,0.8230559845073662,1.6779117899612856
E-109,3219617-03,2026-04-23 22:13:44,CHOL,77.96600656,73.28026048432153,73.46,PASS,FALSE,E,feline,0,0,0,1.1309684490517473,-4.911655986061177
E-109,3219617-03,2026-04-23 22:13:44,TP,8.863053773,8.3425935032885,8.5,PASS,FALSE,E,feline,0,0,0,1.029357337815499,0.2755439339780721
E-109,3219617-03,2026-04-23 22:13:44,PHOS,4.401450292,4.2846237277580075,4.33,PASS,FALSE,E,feline,0,0,0,1.0511009346966473,-0.1021217130698755
E-109,3219617-03,2026-04-23 22:13:44,TRIG,-10.76908041,NA,22.82,PASS,FALSE,E,feline,0,0,0,NA,NA
E-109,3219617-03,2026-04-23 22:13:44,BUN,40.06211108,27.919741290126225,27.92,PASS,FALSE,E,feline,0,0,0,1.3761557226956858,1.6401993274097642
E-109,3219617-03,2026-04-23 22:13:44,AST,23.35505542,23.482012798748713,23.9,PASS,FALSE,E,feline,0,0,0,0.9146720835251358,1.8767138480046093
E-109,3219617-03,2026-04-23 22:13:44,CK,NA,NA,16.06986642,PASS,FALSE,E,feline,0,0,0,NA,NA
E-109,3219617-03,2026-04-23 22:13:44,GLU,155.0009041,161.39108527198587,155.36,PASS,FALSE,E,feline,0,0,0,0.9309481678047301,4.754168966027813
E-109,3219617-03,2026-04-23 22:13:44,ALB,2.033825443,2.7266942738762943,2.73,PASS,FALSE,E,feline,0,0,0,0.8805165656311053,-0.3670740345595548
E-109,3219617-03,2026-04-23 22:13:44,ALP,52.47068237,32.460505298089345,30.2,PASS,FALSE,E,feline,0,0,0,1.0208285288709618,19.334072500143392
E-109,3219617-03,2026-04-23 22:13:44,CREA,0.7785975286,0.7643204029818843,0.78,PASS,FALSE,E,feline,0,0,0,1.0333263809949713,-0.011194907333888615
E-109,3219617-03,2026-04-23 22:13:44,Ca,NA,NA,NA,PASS,FALSE,E,feline,0,0,0,NA,NA
E-109,3219617-03,2026-04-23 22:13:44,Mg,NA,NA,NA,PASS,FALSE,E,feline,0,0,0,NA,NA
E-109,3219617-03,2026-04-23 22:13:44,ALT,NA,NA,NA,PASS,FALSE,E,feline,0,0,0,NA,NA
E-109,3219617-03,2026-04-23 22:13:44,TBIL,NA,NA,NA,PASS,FALSE,E,feline,0,0,0,NA,NA
E-109,3219617-03,2026-04-23 22:13:44,LAC,NA,NA,NA,PASS,FALSE,E,feline,0,0,0,NA,NA
E-110,3215207-03,2026-04-23 22:34:18,AMY,762.2631026,NA,NA,PASS,FALSE,E,feline,0,0,0,NA,NA
E-110,3215207-03,2026-04-23 22:34:18,CHOL,205.1004365,NA,NA,PASS,FALSE,E,feline,0,0,0,NA,NA
E-110,3215207-03,2026-04-23 22:34:18,TP,5.587645099,NA,NA,PASS,FALSE,E,feline,0,0,0,NA,NA
E-110,3215207-03,2026-04-23 22:34:18,PHOS,5.094752869,NA,NA,PASS,FALSE,E,feline,0,0,0,NA,NA
E-110,3215207-03,2026-04-23 22:34:18,TRIG,12.78469811,NA,NA,PASS,FALSE,E,feline,0,0,0,NA,NA
E-110,3215207-03,2026-04-23 22:34:18,BUN,48.30407471,NA,NA,PASS,FALSE,E,feline,0,0,0,NA,NA
E-110,3215207-03,2026-04-23 22:34:18,AST,48.4379149,50.90480172145306,48.3,PASS,FALSE,E,feline,0,0,0,0.9146720835251358,1.8767138480046093
E-110,3215207-03,2026-04-23 22:34:18,CK,49.73380178,-3.6671682504640035,112.8697427,PASS,TRUE,E,feline,0,0,0,4.443649554151584,66.02941234117321
E-110,3215207-03,2026-04-23 22:34:18,GLU,91.62112373,NA,NA,PASS,FALSE,E,feline,0,0,0,NA,NA
E-110,3215207-03,2026-04-23 22:34:18,ALB,1.836099652,2.5021376911636435,2.48,PASS,FALSE,E,feline,0,0,0,0.8805165656311053,-0.3670740345595548
E-110,3215207-03,2026-04-23 22:34:18,ALP,32.66897458,13.062822700111086,9.8,PASS,FALSE,E,feline,0,0,0,1.0208285288709618,19.334072500143392
E-110,3215207-03,2026-04-23 22:34:18,CREA,1.848518844,NA,NA,PASS,FALSE,E,feline,0,0,0,NA,NA
E-110,3215207-03,2026-04-23 22:34:18,Ca,0.2115411268,NA,NA,PASS,FALSE,E,feline,0,0,0,NA,NA
E-110,3215207-03,2026-04-23 22:34:18,Mg,-0.1101302176,NA,NA,PASS,FALSE,E,feline,0,0,0,NA,NA
E-110,3215207-03,2026-04-23 22:34:18,ALT,31.55459578,-6.872988843628637,70.8,PASS,TRUE,E,feline,0,0,0,1.0556743825534889,38.81023403379468
E-110,3215207-03,2026-04-23 22:34:18,TBIL,0.3087472379,NA,NA,PASS,FALSE,E,feline,0,0,0,NA,NA
E-110,3215207-03,2026-04-23 22:34:18,LAC,-0.07176671929,NA,NA,PASS,FALSE,E,feline,0,0,0,NA,NA
E-111,3213891-03,2026-04-23 22:57:14,AMY,300.0410442,NA,NA,PASS,FALSE,E,canine,NA,NA,NA,NA,NA
E-111,3213891-03,2026-04-23 22:57:14,CHOL,336.6175948,NA,NA,PASS,FALSE,E,canine,NA,NA,NA,NA,NA
E-111,3213891-03,2026-04-23 22:57:14,TP,5.745445913,NA,NA,PASS,FALSE,E,canine,NA,NA,NA,NA,NA
E-111,3213891-03,2026-04-23 22:57:14,PHOS,3.844191107,NA,NA,PASS,FALSE,E,canine,NA,NA,NA,NA,NA
E-111,3213891-03,2026-04-23 22:57:14,TRIG,190.4807391,NA,NA,PASS,FALSE,E,canine,NA,NA,NA,NA,NA
E-111,3213891-03,2026-04-23 22:57:14,BUN,30.36023596,NA,NA,PASS,FALSE,E,canine,NA,NA,NA,NA,NA
E-111,3213891-03,2026-04-23 22:57:14,AST,51.02089436,NA,NA,PASS,FALSE,E,canine,NA,NA,NA,NA,NA
E-111,3213891-03,2026-04-23 22:57:14,CK,174.722169,24.687712109412114,23.40548703,PASS,FALSE,E,canine,NA,NA,NA,5.148580565404912,47.615494229169286
E-111,3213891-03,2026-04-23 22:57:14,GLU,97.59932489,NA,NA,PASS,FALSE,E,canine,NA,NA,NA,NA,NA
E-111,3213891-03,2026-04-23 22:57:14,ALB,2.238469917,NA,NA,PASS,FALSE,E,canine,NA,NA,NA,NA,NA
E-111,3213891-03,2026-04-23 22:57:14,ALP,1802.073166,NA,NA,PASS,FALSE,E,canine,NA,NA,NA,NA,NA
E-111,3213891-03,2026-04-23 22:57:14,CREA,0.654460511,NA,NA,PASS,FALSE,E,canine,NA,NA,NA,NA,NA
E-111,3213891-03,2026-04-23 22:57:14,Ca,10.60132358,NA,NA,PASS,FALSE,E,canine,NA,NA,NA,NA,NA
E-111,3213891-03,2026-04-23 22:57:14,Mg,2.34988156,NA,NA,PASS,FALSE,E,canine,NA,NA,NA,NA,NA
E-111,3213891-03,2026-04-23 22:57:14,ALT,584.9586621,NA,NA,PASS,FALSE,E,canine,NA,NA,NA,NA,NA
E-111,3213891-03,2026-04-23 22:57:14,TBIL,0.5125418116,NA,NA,PASS,FALSE,E,canine,NA,NA,NA,NA,NA
E-111,3213891-03,2026-04-23 22:57:14,LAC,3.688828425,NA,NA,PASS,FALSE,E,canine,NA,NA,NA,NA,NA
E-112,3195627-01,2026-04-23 23:19:49,AMY,600.4297434,727.4740028388434,767.1,PASS,FALSE,E,feline,2,0,0,0.8230559845073662,1.6779117899612856
E-112,3195627-01,2026-04-23 23:19:49,CHOL,383.3954682,343.3403686120816,343.78,PASS,FALSE,E,feline,2,0,0,1.1309684490517473,-4.911655986061177
E-112,3195627-01,2026-04-23 23:19:49,TP,9.114850046,8.587208530305611,8.52,PASS,FALSE,E,feline,2,0,0,1.029357337815499,0.2755439339780721
E-112,3195627-01,2026-04-23 23:19:49,PHOS,7.322586244,7.063744034451536,6.82,PASS,FALSE,E,feline,2,0,0,1.0511009346966473,-0.1021217130698755
E-112,3195627-01,2026-04-23 23:19:49,TRIG,408.1266566,274.3500765894074,341.76,PASS,TRUE,E,feline,2,0,0,1.6307165055732793,-39.26054159964
E-112,3195627-01,2026-04-23 23:19:49,BUN,75.32081977,53.54090327674603,51.1,PASS,FALSE,E,feline,2,0,0,1.3761557226956858,1.6401993274097642
E-112,3195627-01,2026-04-23 23:19:49,AST,28.54353843,29.15451893887671,38.9,PASS,FALSE,E,feline,2,0,0,0.9146720835251358,1.8767138480046093
E-112,3195627-01,2026-04-23 23:19:49,CK,NA,NA,10.04858804,PASS,FALSE,E,feline,2,0,0,NA,NA
E-112,3195627-01,2026-04-23 23:19:49,GLU,316.6519499,335.0323806635322,317.3,PASS,FALSE,E,feline,2,0,0,0.9309481678047301,4.754168966027813
E-112,3195627-01,2026-04-23 23:19:49,ALB,2.797785736,3.5943216676351333,3.71,PASS,FALSE,E,feline,2,0,0,0.8805165656311053,-0.3670740345595548
E-112,3195627-01,2026-04-23 23:19:49,ALP,49.38299577,29.435818474911525,38.3,PASS,FALSE,E,feline,2,0,0,1.0208285288709618,19.334072500143392
E-112,3195627-01,2026-04-23 23:19:49,CREA,1.371565637,1.3381643687471265,1.45,PASS,FALSE,E,feline,2,0,0,1.0333263809949713,-0.011194907333888615
E-112,3195627-01,2026-04-23 23:19:49,Ca,NA,NA,NA,PASS,FALSE,E,feline,2,0,0,NA,NA
E-112,3195627-01,2026-04-23 23:19:49,Mg,NA,NA,NA,PASS,FALSE,E,feline,2,0,0,NA,NA
E-112,3195627-01,2026-04-23 23:19:49,ALT,NA,NA,NA,PASS,FALSE,E,feline,2,0,0,NA,NA
E-112,3195627-01,2026-04-23 23:19:49,TBIL,NA,NA,NA,PASS,FALSE,E,feline,2,0,0,NA,NA
E-112,3195627-01,2026-04-23 23:19:49,LAC,NA,NA,NA,PASS,FALSE,E,feline,2,0,0,NA,NA
E-119,3207802-03,2026-04-24 19:28:40,AMY,1144.477923,1426.5852831107343,1459,PASS,FALSE,E,canine,0,0,1,0.8068823003743819,-6.608491916628395
E-119,3207802-03,2026-04-24 19:28:40,CHOL,148.3806909,132.9448519996046,137.62,PASS,FALSE,E,canine,0,0,1,1.1526108146683927,-4.852983269233164
E-119,3207802-03,2026-04-24 19:28:40,TP,5.9927279,5.677673617296715,5.52,PASS,FALSE,E,canine,0,0,1,1.0215531074533013,0.19268277314491566
E-119,3207802-03,2026-04-24 19:28:40,PHOS,5.581429698,5.303936022369212,5.03,PASS,FALSE,E,canine,0,0,1,1.243620294351967,-1.0146527793628
E-119,3207802-03,2026-04-24 19:28:40,TRIG,50.33674716,53.68989511406732,55.43,PASS,FALSE,E,canine,0,0,1,1.6566651059160242,-38.60942861576657
E-119,3207802-03,2026-04-24 19:28:40,BUN,22.14794736,14.787657005247587,16,PASS,FALSE,E,canine,0,0,1,1.4556444062305274,0.6223771590556773
E-119,3207802-03,2026-04-24 19:28:40,AST,95.90509882,91.24003545879688,88.8,PASS,FALSE,E,canine,0,0,1,1.0527500542043366,-0.1478534548540118
E-119,3207802-03,2026-04-24 19:28:40,CK,100.2665908,10.226332462312348,9.330820935,PASS,FALSE,E,canine,0,0,1,5.148580565404912,47.615494229169286
E-119,3207802-03,2026-04-24 19:28:40,GLU,123.202442,122.44839648512642,108.16,PASS,FALSE,E,canine,0,0,1,1.0318408759591173,-3.1448186890021503
E-119,3207802-03,2026-04-24 19:28:40,ALB,2.477587567,2.9814642288860007,2.97,PASS,FALSE,E,canine,0,0,1,0.8662807698293206,-0.10519756041794626
E-119,3207802-03,2026-04-24 19:28:40,ALP,2079.759973,1968.9029963030046,2173.7,PASS,FALSE,E,canine,0,0,1,1.0463097700634147,19.677531661035232
E-119,3207802-03,2026-04-24 19:28:40,CREA,0.7162525785,0.7086768748549795,0.7,PASS,FALSE,E,canine,0,0,1,1.010613970791601,5.382799462660959e-5
E-119,3207802-03,2026-04-24 19:28:40,Ca,12.2557161,8.733069726864858,8.81,PASS,FALSE,E,canine,0,0,1,1.6124902376562238,-1.8262735793406897
E-119,3207802-03,2026-04-24 19:28:40,Mg,2.28200161,2.0806460151328245,2.19,PASS,FALSE,E,canine,0,0,1,1.109707539492933,-0.026906960008822534
E-119,3207802-03,2026-04-24 19:28:40,ALT,773.3714294,625.9572086167285,544.2,PASS,FALSE,E,canine,0,0,1,1.179201132613153,35.241980031786014
E-119,3207802-03,2026-04-24 19:28:40,TBIL,1.12821325,1.8806344337054821,1.525,PASS,FALSE,E,canine,0,0,1,0.5183781500886099,0.15333345126281167
E-119,3207802-03,2026-04-24 19:28:40,LAC,2.50492168,2.2963038292612015,2.18,PASS,FALSE,E,canine,0,0,1,1.0995168177878338,-0.019902999023293955
E-121,3213805-03,2026-04-24 20:15:54,AMY,351.9472018,425.5716459187035,689.6,PASS,TRUE,E,feline,0,0,0,0.8230559845073662,1.6779117899612856
E-121,3213805-03,2026-04-24 20:15:54,CHOL,67.05913043,63.63642281657334,62.14,PASS,FALSE,E,feline,0,0,0,1.1309684490517473,-4.911655986061177
E-121,3213805-03,2026-04-24 20:15:54,TP,9.619156111,9.07713175373183,9.14,PASS,FALSE,E,feline,0,0,0,1.029357337815499,0.2755439339780721
E-121,3213805-03,2026-04-24 20:15:54,PHOS,5.231670712,5.074481668698385,4.91,PASS,FALSE,E,feline,0,0,0,1.0511009346966473,-0.1021217130698755
E-121,3213805-03,2026-04-24 20:15:54,TRIG,-18.70826792,NA,24.31,PASS,FALSE,E,feline,0,0,0,NA,NA
E-121,3213805-03,2026-04-24 20:15:54,BUN,28.18111578,19.286274085755718,28.97,PASS,TRUE,E,feline,0,0,0,1.3761557226956858,1.6401993274097642
E-121,3213805-03,2026-04-24 20:15:54,AST,25.79502899,26.149606588860212,24.9,PASS,FALSE,E,feline,0,0,0,0.9146720835251358,1.8767138480046093
E-121,3213805-03,2026-04-24 20:15:54,CK,NA,NA,5.835305391,PASS,FALSE,E,feline,0,0,0,NA,NA
E-121,3213805-03,2026-04-24 20:15:54,GLU,85.97422626,87.2444461494535,87.64,PASS,FALSE,E,feline,0,0,0,0.9309481678047301,4.754168966027813
E-121,3213805-03,2026-04-24 20:15:54,ALB,1.730039871,2.3816859187157484,2.9,PASS,FALSE,E,feline,0,0,0,0.8805165656311053,-0.3670740345595548
E-121,3213805-03,2026-04-24 20:15:54,ALP,46.09323047,NA,NA,PASS,FALSE,E,feline,0,0,0,NA,NA
E-121,3213805-03,2026-04-24 20:15:54,CREA,1.521855247,1.48360690535912,1.47,PASS,FALSE,E,feline,0,0,0,1.0333263809949713,-0.011194907333888615
E-121,3213805-03,2026-04-24 20:15:54,Ca,NA,NA,NA,PASS,FALSE,E,feline,0,0,0,NA,NA
E-121,3213805-03,2026-04-24 20:15:54,Mg,NA,NA,NA,PASS,FALSE,E,feline,0,0,0,NA,NA
E-121,3213805-03,2026-04-24 20:15:54,ALT,NA,NA,NA,PASS,FALSE,E,feline,0,0,0,NA,NA
E-121,3213805-03,2026-04-24 20:15:54,TBIL,NA,NA,NA,PASS,FALSE,E,feline,0,0,0,NA,NA
E-121,3213805-03,2026-04-24 20:15:54,LAC,NA,NA,NA,PASS,FALSE,E,feline,0,0,0,NA,NA
E-124,3218144-03,2026-04-24 21:04:02,AMY,321.7989105,388.941948950951,317.3,PASS,FALSE,E,feline,0,0,0,0.8230559845073662,1.6779117899612856
E-124,3218144-03,2026-04-24 21:04:02,CHOL,298.3605089,NA,NA,PASS,FALSE,E,feline,0,0,0,NA,NA
E-124,3218144-03,2026-04-24 21:04:02,TP,5.197555016,NA,NA,PASS,FALSE,E,feline,0,0,0,NA,NA
E-124,3218144-03,2026-04-24 21:04:02,PHOS,4.625967226,4.498225415844031,4.45,PASS,FALSE,E,feline,0,0,0,1.0511009346966473,-0.1021217130698755
E-124,3218144-03,2026-04-24 21:04:02,TRIG,86.7294759,NA,NA,PASS,FALSE,E,feline,0,0,0,NA,NA
E-124,3218144-03,2026-04-24 21:04:02,BUN,20.55151783,NA,NA,PASS,FALSE,E,feline,0,0,0,NA,NA
E-124,3218144-03,2026-04-24 21:04:02,AST,24.69919875,NA,NA,PASS,FALSE,E,feline,0,0,0,NA,NA
E-124,3218144-03,2026-04-24 21:04:02,CK,150.4962693,19.008442481678518,21.296297590000002,PASS,FALSE,E,feline,0,0,0,4.443649554151584,66.02941234117321
E-124,3218144-03,2026-04-24 21:04:02,GLU,162.8737606,NA,NA,PASS,FALSE,E,feline,0,0,0,NA,NA
E-124,3218144-03,2026-04-24 21:04:02,ALB,2.095966304,2.7972674617361513,2.56,PASS,FALSE,E,feline,0,0,0,0.8805165656311053,-0.3670740345595548
E-124,3218144-03,2026-04-24 21:04:02,ALP,318.584547,NA,NA,PASS,FALSE,E,feline,0,0,0,NA,NA
E-124,3218144-03,2026-04-24 21:04:02,CREA,0.5269431204,NA,NA,PASS,FALSE,E,feline,0,0,0,NA,NA
E-124,3218144-03,2026-04-24 21:04:02,Ca,11.45853528,8.452788695771384,8.52,PASS,FALSE,E,feline,0,0,0,1.4989912987841354,-1.2121214254222057
E-124,3218144-03,2026-04-24 21:04:02,Mg,1.990623348,1.8477934343849292,1.87,PASS,FALSE,E,feline,0,0,0,1.0582729654166796,0.035153510715990155
E-124,3218144-03,2026-04-24 21:04:02,ALT,74.56604574,NA,NA,PASS,FALSE,E,feline,0,0,0,NA,NA
E-124,3218144-03,2026-04-24 21:04:02,TBIL,0.8675313699,NA,NA,PASS,FALSE,E,feline,0,0,0,NA,NA
E-124,3218144-03,2026-04-24 21:04:02,LAC,0.980234427,0.9181838465491953,0.98,PASS,FALSE,E,feline,0,0,0,1.0485360511543997,0.01748556230554943
E-126,3169118-03,2026-04-24 21:41:54,AMY,527.094839,NA,NA,PASS,FALSE,E,feline,0,0,0,NA,NA
E-126,3169118-03,2026-04-24 21:41:54,CHOL,137.3985982,NA,NA,PASS,FALSE,E,feline,0,0,0,NA,NA
E-126,3169118-03,2026-04-24 21:41:54,TP,5.116547465,NA,NA,PASS,FALSE,E,feline,0,0,0,NA,NA
E-126,3169118-03,2026-04-24 21:41:54,PHOS,4.746192095,4.6126053626516095,4.69,PASS,FALSE,E,feline,0,0,0,1.0511009346966473,-0.1021217130698755
E-126,3169118-03,2026-04-24 21:41:54,TRIG,60.71960269,NA,NA,PASS,FALSE,E,feline,0,0,0,NA,NA
E-126,3169118-03,2026-04-24 21:41:54,BUN,27.06224968,NA,NA,PASS,FALSE,E,feline,0,0,0,NA,NA
E-126,3169118-03,2026-04-24 21:41:54,AST,23.97490874,NA,NA,PASS,FALSE,E,feline,0,0,0,NA,NA
E-126,3169118-03,2026-04-24 21:41:54,CK,516.9462197,101.47443038966635,101.5408359,PASS,FALSE,E,feline,0,0,0,4.443649554151584,66.02941234117321
E-126,3169118-03,2026-04-24 21:41:54,GLU,82.78954841,NA,NA,PASS,FALSE,E,feline,0,0,0,NA,NA
E-126,3169118-03,2026-04-24 21:41:54,ALB,1.657123088,2.2988745488379574,2.27,PASS,FALSE,E,feline,0,0,0,0.8805165656311053,-0.3670740345595548
E-126,3169118-03,2026-04-24 21:41:54,ALP,44.99766914,NA,NA,PASS,FALSE,E,feline,0,0,0,NA,NA
E-126,3169118-03,2026-04-24 21:41:54,CREA,1.572985106,NA,NA,PASS,FALSE,E,feline,0,0,0,NA,NA
E-126,3169118-03,2026-04-24 21:41:54,Ca,11.22564693,8.29742531895332,8.97,PASS,FALSE,E,feline,0,0,0,1.4989912987841354,-1.2121214254222057
E-126,3169118-03,2026-04-24 21:41:54,Mg,2.344280717,2.1819769395458617,2.24,PASS,FALSE,E,feline,0,0,0,1.0582729654166796,0.035153510715990155
E-126,3169118-03,2026-04-24 21:41:54,ALT,64.40570266,NA,NA,PASS,FALSE,E,feline,0,0,0,NA,NA
E-126,3169118-03,2026-04-24 21:41:54,TBIL,0.1874221322,NA,NA,PASS,FALSE,E,feline,0,0,0,NA,NA
E-126,3169118-03,2026-04-24 21:41:54,LAC,1.346294321,1.2672990663806751,1.31,PASS,FALSE,E,feline,0,0,0,1.0485360511543997,0.01748556230554943
E-128,3209670-03,2026-04-24 22:20:37,AMY,373.7530685,471.39658440908426,483.8,PASS,FALSE,E,canine,0,0,0,0.8068823003743819,-6.608491916628395
E-128,3209670-03,2026-04-24 22:20:37,CHOL,266.1478634,235.11912539810794,236.56,PASS,FALSE,E,canine,0,0,0,1.1526108146683927,-4.852983269233164
E-128,3209670-03,2026-04-24 22:20:37,TP,6.140570847,5.822397318807023,5.88,PASS,FALSE,E,canine,0,0,0,1.0215531074533013,0.19268277314491566
E-128,3209670-03,2026-04-24 22:20:37,PHOS,2.993419816,3.22290703486095,3.24,PASS,FALSE,E,canine,0,0,0,1.243620294351967,-1.0146527793628
E-128,3209670-03,2026-04-24 22:20:37,TRIG,33.73254199,43.66722661534319,45.33,PASS,FALSE,E,canine,0,0,0,1.6566651059160242,-38.60942861576657
E-128,3209670-03,2026-04-24 22:20:37,BUN,22.0205086,14.700109002827126,14.8,PASS,FALSE,E,canine,0,0,0,1.4556444062305274,0.6223771590556773
E-128,3209670-03,2026-04-24 22:20:37,AST,19.8566184,19.002109546290445,13.8,PASS,FALSE,E,canine,0,0,0,1.0527500542043366,-0.1478534548540118
E-128,3209670-03,2026-04-24 22:20:37,CK,49.36006859,NA,-4.533396975,PASS,FALSE,E,canine,0,0,0,NA,NA
E-128,3209670-03,2026-04-24 22:20:37,GLU,116.5782465,116.0286125297344,115.28,PASS,FALSE,E,canine,0,0,0,1.0318408759591173,-3.1448186890021503
E-128,3209670-03,2026-04-24 22:20:37,ALB,2.861431461,3.4245583242052664,3.5,PASS,FALSE,E,canine,0,0,0,0.8662807698293206,-0.10519756041794626
E-128,3209670-03,2026-04-24 22:20:37,ALP,62.90705831,NA,NA,PASS,FALSE,E,canine,0,0,0,NA,NA
E-128,3209670-03,2026-04-24 22:20:37,CREA,0.8009366819,0.7924715836631984,0.83,PASS,FALSE,E,canine,0,0,0,1.010613970791601,5.382799462660959e-5
E-128,3209670-03,2026-04-24 22:20:37,Ca,3.81678708,3.4995936890402226,9.59,PASS,TRUE,E,canine,0,0,0,1.6124902376562238,-1.8262735793406897
E-128,3209670-03,2026-04-24 22:20:37,Mg,0.3235634962,0.31582236196121155,1.78,PASS,TRUE,E,canine,0,0,0,1.109707539492933,-0.026906960008822534
E-128,3209670-03,2026-04-24 22:20:37,ALT,79.95396342,37.9171815151929,30.2,PASS,FALSE,E,canine,0,0,0,1.179201132613153,35.241980031786014
E-128,3209670-03,2026-04-24 22:20:37,TBIL,NA,NA,NA,PASS,FALSE,E,canine,0,0,0,NA,NA
E-128,3209670-03,2026-04-24 22:20:37,LAC,2.67068191,2.447061168592764,2.2,PASS,FALSE,E,canine,0,0,0,1.0995168177878338,-0.019902999023293955
E-129,3212935-01,2026-04-24 22:39:35,AMY,483.834334,585.8124250182443,619.8,PASS,FALSE,E,feline,0,0,0,0.8230559845073662,1.6779117899612856
E-129,3212935-01,2026-04-24 22:39:35,CHOL,227.1454428,205.18441427842473,213.09,PASS,FALSE,E,feline,0,0,0,1.1309684490517473,-4.911655986061177
E-129,3212935-01,2026-04-24 22:39:35,TP,6.22913374,5.783793039894804,5.87,PASS,FALSE,E,feline,0,0,0,1.029357337815499,0.2755439339780721
E-129,3212935-01,2026-04-24 22:39:35,PHOS,5.471354653,5.302512995746128,5.25,PASS,FALSE,E,feline,0,0,0,1.0511009346966473,-0.1021217130698755
E-129,3212935-01,2026-04-24 22:39:35,TRIG,-9.442399563,NA,23.34,PASS,FALSE,E,feline,0,0,0,NA,NA
E-129,3212935-01,2026-04-24 22:39:35,BUN,53.15916916,37.43687504468766,36.48,PASS,FALSE,E,feline,0,0,0,1.3761557226956858,1.6401993274097642
E-129,3212935-01,2026-04-24 22:39:35,AST,97.87623118,104.95511895587141,92.3,PASS,FALSE,E,feline,0,0,0,0.9146720835251358,1.8767138480046093
E-129,3212935-01,2026-04-24 22:39:35,CK,0,NA,615.6726341,PASS,TRUE,E,feline,0,0,0,NA,NA
E-129,3212935-01,2026-04-24 22:39:35,GLU,89.71116085,91.25856285244038,93.07,PASS,FALSE,E,feline,0,0,0,0.9309481678047301,4.754168966027813
E-129,3212935-01,2026-04-24 22:39:35,ALB,2.07642205,2.7750711115902664,2.86,PASS,FALSE,E,feline,0,0,0,0.8805165656311053,-0.3670740345595548
E-129,3212935-01,2026-04-24 22:39:35,ALP,63.16226387,NA,NA,PASS,FALSE,E,feline,0,0,0,NA,NA
E-129,3212935-01,2026-04-24 22:39:35,CREA,0.7137582862,0.7015723268729908,0.63,PASS,FALSE,E,feline,0,0,0,1.0333263809949713,-0.011194907333888615
E-129,3212935-01,2026-04-24 22:39:35,Ca,12.38889084,9.073443105676654,9.23,PASS,FALSE,E,feline,0,0,0,1.4989912987841354,-1.2121214254222057
E-129,3212935-01,2026-04-24 22:39:35,Mg,2.274497282,2.1160360743055557,2.14,PASS,FALSE,E,feline,0,0,0,1.0582729654166796,0.035153510715990155
E-129,3212935-01,2026-04-24 22:39:35,ALT,105.9173875,63.56804197889602,75.7,PASS,FALSE,E,feline,0,0,0,1.0556743825534889,38.81023403379468
E-129,3212935-01,2026-04-24 22:39:35,TBIL,0.1864562397,0.11996098860239975,0.138,PASS,FALSE,E,feline,0,0,0,0.6992320153380858,0.10257567587759489
E-129,3212935-01,2026-04-24 22:39:35,LAC,3.230824896,3.064595947994999,3.01,PASS,FALSE,E,feline,0,0,0,1.0485360511543997,0.01748556230554943
E-134,3168762-01,2026-04-25 0:15:10,AMY,682.9570724,827.7434019483051,518.4,PASS,TRUE,E,feline,1,0,0,0.8230559845073662,1.6779117899612856
E-134,3168762-01,2026-04-25 0:15:10,CHOL,258.4559333,232.8690862303718,220.48,PASS,FALSE,E,feline,1,0,0,1.1309684490517473,-4.911655986061177
E-134,3168762-01,2026-04-25 0:15:10,TP,6.708464009,NA,NA,PASS,FALSE,E,feline,1,0,0,NA,NA
E-134,3168762-01,2026-04-25 0:15:10,PHOS,3.755828336,3.6703897044704825,3.6,PASS,FALSE,E,feline,1,0,0,1.0511009346966473,-0.1021217130698755
E-134,3168762-01,2026-04-25 0:15:10,TRIG,124.3928291,NA,NA,PASS,FALSE,E,feline,1,0,0,NA,NA
E-134,3168762-01,2026-04-25 0:15:10,BUN,25.36023596,NA,NA,PASS,FALSE,E,feline,1,0,0,NA,NA
E-134,3168762-01,2026-04-25 0:15:10,AST,18.5210173,NA,NA,PASS,FALSE,E,feline,1,0,0,NA,NA
E-134,3168762-01,2026-04-25 0:15:10,CK,37.07594959,NA,-6.058687544,PASS,FALSE,E,feline,1,0,0,NA,NA
E-134,3168762-01,2026-04-25 0:15:10,GLU,89.99265929,NA,NA,PASS,FALSE,E,feline,1,0,0,NA,NA
E-134,3168762-01,2026-04-25 0:15:10,ALB,2.758348982,3.549533465414618,3.33,PASS,FALSE,E,feline,1,0,0,0.8805165656311053,-0.3670740345595548
E-134,3168762-01,2026-04-25 0:15:10,ALP,687.323206,NA,NA,PASS,FALSE,E,feline,1,0,0,NA,NA
E-134,3168762-01,2026-04-25 0:15:10,CREA,0.5546980661,NA,NA,PASS,FALSE,E,feline,1,0,0,NA,NA
E-134,3168762-01,2026-04-25 0:15:10,Ca,13.68794954,9.94006501405844,9.73,PASS,FALSE,E,feline,1,0,0,1.4989912987841354,-1.2121214254222057
E-134,3168762-01,2026-04-25 0:15:10,Mg,2.546275464,2.372849005261409,2.3,PASS,FALSE,E,feline,1,0,0,1.0582729654166796,0.035153510715990155
E-134,3168762-01,2026-04-25 0:15:10,ALT,78.96411677,NA,NA,PASS,FALSE,E,feline,1,0,0,NA,NA
E-134,3168762-01,2026-04-25 0:15:10,TBIL,0.2041699019,NA,NA,PASS,FALSE,E,feline,1,0,0,NA,NA
E-134,3168762-01,2026-04-25 0:15:10,LAC,1.949053757,1.8421571605171465,1.82,PASS,FALSE,E,feline,1,0,0,1.0485360511543997,0.01748556230554943
E-135,3167831-03,2026-04-25 0:33:25,AMY,745.6049237,903.8595501560085,896.6,PASS,FALSE,E,feline,0,0,2,0.8230559845073662,1.6779117899612856
E-135,3167831-03,2026-04-25 0:33:25,CHOL,104.6919439,NA,NA,PASS,FALSE,E,feline,0,0,2,NA,NA
E-135,3167831-03,2026-04-25 0:33:25,TP,8.041499636,NA,NA,PASS,FALSE,E,feline,0,0,2,NA,NA
E-135,3167831-03,2026-04-25 0:33:25,PHOS,3.609270459,NA,NA,PASS,FALSE,E,feline,0,0,2,NA,NA
E-135,3167831-03,2026-04-25 0:33:25,TRIG,-3.270570908,NA,NA,PASS,FALSE,E,feline,0,0,2,NA,NA
E-135,3167831-03,2026-04-25 0:33:25,BUN,30.20989362,NA,NA,PASS,FALSE,E,feline,0,0,2,NA,NA
E-135,3167831-03,2026-04-25 0:33:25,AST,47.77471949,NA,NA,PASS,FALSE,E,feline,0,0,2,NA,NA
E-135,3167831-03,2026-04-25 0:33:25,CK,182.5366884,26.218826358612624,26.586064789999998,PASS,FALSE,E,feline,0,0,2,4.443649554151584,66.02941234117321
E-135,3167831-03,2026-04-25 0:33:25,GLU,65.17808943,NA,NA,PASS,FALSE,E,feline,0,0,2,NA,NA
E-135,3167831-03,2026-04-25 0:33:25,ALB,1.43570288,NA,NA,PASS,FALSE,E,feline,0,0,2,NA,NA
E-135,3167831-03,2026-04-25 0:33:25,ALP,37.80843093,NA,NA,PASS,FALSE,E,feline,0,0,2,NA,NA
E-135,3167831-03,2026-04-25 0:33:25,CREA,1.175672877,NA,NA,PASS,FALSE,E,feline,0,0,2,NA,NA
E-135,3167831-03,2026-04-25 0:33:25,Ca,12.13943235,NA,NA,PASS,FALSE,E,feline,0,0,2,NA,NA
E-135,3167831-03,2026-04-25 0:33:25,Mg,2.428406669,NA,NA,PASS,FALSE,E,feline,0,0,2,NA,NA
E-135,3167831-03,2026-04-25 0:33:25,ALT,90.35618947,NA,NA,PASS,FALSE,E,feline,0,0,2,NA,NA
E-135,3167831-03,2026-04-25 0:33:25,TBIL,0.1740909401,NA,NA,PASS,FALSE,E,feline,0,0,2,NA,NA
E-135,3167831-03,2026-04-25 0:33:25,LAC,7.612584941,NA,NA,PASS,FALSE,E,feline,0,0,2,NA,NA
E-136,3226639-03,2026-04-25 0:51:50,AMY,690.5436523,864.0072336363801,1174.6,PASS,FALSE,E,canine,0,0,0,0.8068823003743819,-6.608491916628395
E-136,3226639-03,2026-04-25 0:51:50,CHOL,172.7606435,154.09679009504416,160.28,PASS,FALSE,E,canine,0,0,0,1.1526108146683927,-4.852983269233164
E-136,3226639-03,2026-04-25 0:51:50,TP,6.489986268,6.164440643280952,6.25,PASS,FALSE,E,canine,0,0,0,1.0215531074533013,0.19268277314491566
E-136,3226639-03,2026-04-25 0:51:50,PHOS,6.298057911,5.8801796043167265,6.03,PASS,FALSE,E,canine,0,0,0,1.243620294351967,-1.0146527793628
E-136,3226639-03,2026-04-25 0:51:50,TRIG,81.39272224,72.43597419130371,74.65,PASS,FALSE,E,canine,0,0,0,1.6566651059160242,-38.60942861576657
E-136,3226639-03,2026-04-25 0:51:50,BUN,45.94289773,31.134334990716827,31.17,PASS,FALSE,E,canine,0,0,0,1.4556444062305274,0.6223771590556773
E-136,3226639-03,2026-04-25 0:51:50,AST,25.67768592,24.53150134898148,32.6,PASS,FALSE,E,canine,0,0,0,1.0527500542043366,-0.1478534548540118
E-136,3226639-03,2026-04-25 0:51:50,CK,106.1350727,11.366157667618904,6.62670514,PASS,FALSE,E,canine,0,0,0,5.148580565404912,47.615494229169286
E-136,3226639-03,2026-04-25 0:51:50,GLU,88.50454677,88.82122001012237,92.64,PASS,FALSE,E,canine,0,0,0,1.0318408759591173,-3.1448186890021503
E-136,3226639-03,2026-04-25 0:51:50,ALB,1.997080108,2.426785566107105,2.63,PASS,FALSE,E,canine,0,0,0,0.8662807698293206,-0.10519756041794626
E-136,3226639-03,2026-04-25 0:51:50,ALP,43.17767248,NA,NA,PASS,FALSE,E,canine,0,0,0,NA,NA
E-136,3226639-03,2026-04-25 0:51:50,CREA,0.826489375,0.8177559096655244,0.7,PASS,FALSE,E,canine,0,0,0,1.010613970791601,5.382799462660959e-5
E-136,3226639-03,2026-04-25 0:51:50,Ca,11.33250423,8.160531767601364,8.68,PASS,FALSE,E,canine,0,0,0,1.6124902376562238,-1.8262735793406897
E-136,3226639-03,2026-04-25 0:51:50,Mg,2.101539383,1.9180245850914823,1.92,PASS,FALSE,E,canine,0,0,0,1.109707539492933,-0.026906960008822534
E-136,3226639-03,2026-04-25 0:51:50,ALT,81.25720685,39.022373321710226,50.9,PASS,FALSE,E,canine,0,0,0,1.179201132613153,35.241980031786014
E-136,3226639-03,2026-04-25 0:51:50,TBIL,0.3071940832,0.2968115687570703,0.266,PASS,FALSE,E,canine,0,0,0,0.5183781500886099,0.15333345126281167
E-136,3226639-03,2026-04-25 0:51:50,LAC,1.908318619,1.7536990674710804,1.79,PASS,FALSE,E,canine,0,0,0,1.0995168177878338,-0.019902999023293955
E-95,3214428-01,2026-04-23 14:22:18,AMY,303.5263552,384.36194098287973,0.1,PASS,TRUE,E,canine,1,0,0,0.8068823003743819,-6.608491916628395
E-95,3214428-01,2026-04-23 14:22:18,CHOL,500.2694236,438.24194640630486,435.7,PASS,FALSE,E,canine,1,0,0,1.1526108146683927,-4.852983269233164
E-95,3214428-01,2026-04-23 14:22:18,TP,5.600049543,5.293280134339246,5.55,PASS,FALSE,E,canine,1,0,0,1.0215531074533013,0.19268277314491566
E-95,3214428-01,2026-04-23 14:22:18,PHOS,3.348688319,3.5085798440081546,3.54,PASS,FALSE,E,canine,1,0,0,1.243620294351967,-1.0146527793628
E-95,3214428-01,2026-04-23 14:22:18,TRIG,762.241349,483.4113875857547,436.08,PASS,FALSE,E,canine,1,0,0,1.6566651059160242,-38.60942861576657
E-95,3214428-01,2026-04-23 14:22:18,BUN,47.93305459,32.50153487241982,19.13,PASS,TRUE,E,canine,1,0,0,1.4556444062305274,0.6223771590556773
E-95,3214428-01,2026-04-23 14:22:18,AST,29.7331387,28.383747913874885,32.1,PASS,FALSE,E,canine,1,0,0,1.0527500542043366,-0.1478534548540118
E-95,3214428-01,2026-04-23 14:22:18,CK,55.81147193,NA,-2.662377002,PASS,FALSE,E,canine,1,0,0,NA,NA
E-95,3214428-01,2026-04-23 14:22:18,GLU,95.58772184,95.68582019706112,89.7,PASS,FALSE,E,canine,1,0,0,1.0318408759591173,-3.1448186890021503
E-95,3214428-01,2026-04-23 14:22:18,ALB,2.336838171,2.8189887349099183,2.88,PASS,FALSE,E,canine,1,0,0,0.8662807698293206,-0.10519756041794626
E-95,3214428-01,2026-04-23 14:22:18,ALP,719.6666711,669.0075534672106,644.3,PASS,FALSE,E,canine,1,0,0,1.0463097700634147,19.677531661035232
E-95,3214428-01,2026-04-23 14:22:18,CREA,0.6842744626,0.6770346090401186,0.74,PASS,FALSE,E,canine,1,0,0,1.010613970791601,5.382799462660959e-5
E-95,3214428-01,2026-04-23 14:22:18,Ca,13.15649017,9.291692687155948,0.08,PASS,TRUE,E,canine,1,0,0,1.6124902376562238,-1.8262735793406897
E-95,3214428-01,2026-04-23 14:22:18,Mg,1.705146505,1.560819768603413,1.75,PASS,FALSE,E,canine,1,0,0,1.109707539492933,-0.026906960008822534
E-95,3214428-01,2026-04-23 14:22:18,ALT,501.0472115,395.01762556483686,343.1,PASS,FALSE,E,canine,1,0,0,1.179201132613153,35.241980031786014
E-95,3214428-01,2026-04-23 14:22:18,TBIL,0.2495131869,0.1855397177152387,0.196,PASS,FALSE,E,canine,1,0,0,0.5183781500886099,0.15333345126281167
E-95,3214428-01,2026-04-23 14:22:18,LAC,4.790081851,4.374635087165574,4.42,PASS,FALSE,E,canine,1,0,0,1.0995168177878338,-0.019902999023293955
E-96,3195920-01,2026-04-23 14:51:41,AMY,952.8813041,1189.132288031896,1281.3,PASS,FALSE,E,canine,0,0,0,0.8068823003743819,-6.608491916628395
E-96,3195920-01,2026-04-23 14:51:41,CHOL,245.2341566,216.97448669279015,205.19,PASS,FALSE,E,canine,0,0,0,1.1526108146683927,-4.852983269233164
E-96,3195920-01,2026-04-23 14:51:41,TP,4.860788181,4.569615983541492,4.71,PASS,FALSE,E,canine,0,0,0,1.0215531074533013,0.19268277314491566
E-96,3195920-01,2026-04-23 14:51:41,PHOS,4.423171024,4.37257563909117,4.37,PASS,FALSE,E,canine,0,0,0,1.243620294351967,-1.0146527793628
E-96,3195920-01,2026-04-23 14:51:41,TRIG,94.62508104,80.42332103210254,74.14,PASS,FALSE,E,canine,0,0,0,1.6566651059160242,-38.60942861576657
E-96,3195920-01,2026-04-23 14:51:41,BUN,12.34632551,8.054129360689224,8.36,PASS,FALSE,E,canine,0,0,0,1.4556444062305274,0.6223771590556773
E-96,3195920-01,2026-04-23 14:51:41,AST,13.93604007,13.378193112987821,13.3,PASS,FALSE,E,canine,0,0,0,1.0527500542043366,-0.1478534548540118
E-96,3195920-01,2026-04-23 14:51:41,CK,87.94622492,7.833368863221604,4.747172314,PASS,FALSE,E,canine,0,0,0,5.148580565404912,47.615494229169286
E-96,3195920-01,2026-04-23 14:51:41,GLU,103.7449182,103.59129918132575,107.42,PASS,FALSE,E,canine,0,0,0,1.0318408759591173,-3.1448186890021503
E-96,3195920-01,2026-04-23 14:51:41,ALB,1.821884974,2.224547284822715,2.22,PASS,FALSE,E,canine,0,0,0,0.8662807698293206,-0.10519756041794626
E-96,3195920-01,2026-04-23 14:51:41,ALP,782.3014189,728.870081364856,778.1,PASS,FALSE,E,canine,0,0,0,1.0463097700634147,19.677531661035232
E-96,3195920-01,2026-04-23 14:51:41,CREA,0.6209955458,0.6144202789112421,0.52,PASS,FALSE,E,canine,0,0,0,1.010613970791601,5.382799462660959e-5
E-96,3195920-01,2026-04-23 14:51:41,Ca,11.208819,8.083827284614989,8.1,PASS,FALSE,E,canine,0,0,0,1.6124902376562238,-1.8262735793406897
E-96,3195920-01,2026-04-23 14:51:41,Mg,2.058461093,1.879205086739976,1.84,PASS,FALSE,E,canine,0,0,0,1.109707539492933,-0.026906960008822534
E-96,3195920-01,2026-04-23 14:51:41,ALT,88.59030929,45.2410770162611,53.3,PASS,FALSE,E,canine,0,0,0,1.179201132613153,35.241980031786014
E-96,3195920-01,2026-04-23 14:51:41,TBIL,0.2713700536,0.2277036605748362,0.16,PASS,FALSE,E,canine,0,0,0,0.5183781500886099,0.15333345126281167
E-96,3195920-01,2026-04-23 14:51:41,LAC,1.561923023,1.4386555952876094,1.41,PASS,FALSE,E,canine,0,0,0,1.0995168177878338,-0.019902999023293955
E-97,3196090-03,2026-04-23 15:30:40,AMY,397.3956878,500.6977839632574,550.3,PASS,FALSE,E,canine,0,0,0,0.8068823003743819,-6.608491916628395
E-97,3196090-03,2026-04-23 15:30:40,CHOL,301.4962128,265.7871956176033,261.49,PASS,FALSE,E,canine,0,0,0,1.1526108146683927,-4.852983269233164
E-97,3196090-03,2026-04-23 15:30:40,TP,6.047286237,5.731080862208349,5.95,PASS,FALSE,E,canine,0,0,0,1.0215531074533013,0.19268277314491566
E-97,3196090-03,2026-04-23 15:30:40,PHOS,2.118592652,2.5194550503821507,2.6,PASS,FALSE,E,canine,0,0,0,1.243620294351967,-1.0146527793628
E-97,3196090-03,2026-04-23 15:30:40,TRIG,115.3623067,92.94077286104881,88.6,PASS,FALSE,E,canine,0,0,0,1.6566651059160242,-38.60942861576657
E-97,3196090-03,2026-04-23 15:30:40,BUN,32.78018009,22.09179851432175,20.38,PASS,FALSE,E,canine,0,0,0,1.4556444062305274,0.6223771590556773
E-97,3196090-03,2026-04-23 15:30:40,AST,31.03422833,29.61964396042827,21.6,PASS,FALSE,E,canine,0,0,0,1.0527500542043366,-0.1478534548540118
E-97,3196090-03,2026-04-23 15:30:40,CK,61.81219229,2.757400390356756,8.989108217,PASS,FALSE,E,canine,0,0,0,5.148580565404912,47.615494229169286
E-97,3196090-03,2026-04-23 15:30:40,GLU,95.92405924,96.01177878993754,95.05,PASS,FALSE,E,canine,0,0,0,1.0318408759591173,-3.1448186890021503
E-97,3196090-03,2026-04-23 15:30:40,ALB,2.857417758,3.4199250654053617,3.44,PASS,FALSE,E,canine,0,0,0,0.8662807698293206,-0.10519756041794626
E-97,3196090-03,2026-04-23 15:30:40,ALP,49.01973395,28.04351362138805,28.2,PASS,FALSE,E,canine,0,0,0,1.0463097700634147,19.677531661035232
E-97,3196090-03,2026-04-23 15:30:40,CREA,1.291384555,1.2777685291584586,1.23,PASS,FALSE,E,canine,0,0,0,1.010613970791601,5.382799462660959e-5
E-97,3196090-03,2026-04-23 15:30:40,Ca,15.35210746,10.653324056280612,9.89,PASS,FALSE,E,canine,0,0,0,1.6124902376562238,-1.8262735793406897
E-97,3196090-03,2026-04-23 15:30:40,Mg,2.15846894,1.969325991069145,1.83,PASS,FALSE,E,canine,0,0,0,1.109707539492933,-0.026906960008822534
E-97,3196090-03,2026-04-23 15:30:40,ALT,79.75556823,37.74893609504108,34.9,PASS,FALSE,E,canine,0,0,0,1.179201132613153,35.241980031786014
E-97,3196090-03,2026-04-23 15:30:40,TBIL,0.2681299363,0.22145317085136665,0.13,PASS,FALSE,E,canine,0,0,0,0.5183781500886099,0.15333345126281167
E-97,3196090-03,2026-04-23 15:30:40,LAC,3.838139364,3.508852525589794,3.34,PASS,FALSE,E,canine,0,0,0,1.0995168177878338,-0.019902999023293955
E-98,3225950-03,2026-04-23 15:55:38,AMY,438.1243714,551.1743944690305,598.8,PASS,FALSE,E,canine,1,0,0,0.8068823003743819,-6.608491916628395
E-98,3225950-03,2026-04-23 15:55:38,CHOL,234.6097063,207.75676101748778,205.28,PASS,FALSE,E,canine,1,0,0,1.1526108146683927,-4.852983269233164
E-98,3225950-03,2026-04-23 15:55:38,TP,6.713321007,6.383063382882583,6.5,PASS,FALSE,E,canine,1,0,0,1.0215531074533013,0.19268277314491566
E-98,3225950-03,2026-04-23 15:55:38,PHOS,4.123271831,4.131425511224952,4.09,PASS,FALSE,E,canine,1,0,0,1.243620294351967,-1.0146527793628
E-98,3225950-03,2026-04-23 15:55:38,TRIG,82.33874374,73.00701386409075,77.39,PASS,FALSE,E,canine,1,0,0,1.6566651059160242,-38.60942861576657
E-98,3225950-03,2026-04-23 15:55:38,BUN,25.38233697,17.009621103179743,15.94,PASS,FALSE,E,canine,1,0,0,1.4556444062305274,0.6223771590556773
E-98,3225950-03,2026-04-23 15:55:38,AST,29.28987872,27.96269832263548,23.8,PASS,FALSE,E,canine,1,0,0,1.0527500542043366,-0.1478534548540118
E-98,3225950-03,2026-04-23 15:55:38,CK,137.0278148,17.366402144238144,16.39614595,PASS,FALSE,E,canine,1,0,0,5.148580565404912,47.615494229169286
E-98,3225950-03,2026-04-23 15:55:38,GLU,85.86535069,86.26346508735212,87.97,PASS,FALSE,E,canine,1,0,0,1.0318408759591173,-3.1448186890021503
E-98,3225950-03,2026-04-23 15:55:38,ALB,2.882189045,3.4485200519994663,3.54,PASS,FALSE,E,canine,1,0,0,0.8662807698293206,-0.10519756041794626
E-98,3225950-03,2026-04-23 15:55:38,ALP,48.04490087,27.11182674634251,26.9,PASS,FALSE,E,canine,1,0,0,1.0463097700634147,19.677531661035232
E-98,3225950-03,2026-04-23 15:55:38,CREA,0.8155706739,0.8069518821975016,0.82,PASS,FALSE,E,canine,1,0,0,1.010613970791601,5.382799462660959e-5
E-98,3225950-03,2026-04-23 15:55:38,Ca,13.36069765,9.418333751536478,9.89,PASS,FALSE,E,canine,1,0,0,1.6124902376562238,-1.8262735793406897
E-98,3225950-03,2026-04-23 15:55:38,Mg,2.22781323,2.0318147888218268,1.95,PASS,FALSE,E,canine,1,0,0,1.109707539492933,-0.026906960008822534
E-98,3225950-03,2026-04-23 15:55:38,ALT,56.06545626,17.658968985272594,20.1,PASS,FALSE,E,canine,1,0,0,1.179201132613153,35.241980031786014
E-98,3225950-03,2026-04-23 15:55:38,TBIL,0.2208721207,0.13028841864890234,0.203,PASS,FALSE,E,canine,1,0,0,0.5183781500886099,0.15333345126281167
E-98,3225950-03,2026-04-23 15:55:38,LAC,1.762049487,1.6206686948258622,1.6,PASS,FALSE,E,canine,1,0,0,1.0995168177878338,-0.019902999023293955
H-102,3196081-04,2026-04-24 15:30:09,AMY,266.3309569,338.26426566797704,316.5,PASS,FALSE,H,canine,0,0,0,0.8068823003743819,-6.608491916628395
H-102,3196081-04,2026-04-24 15:30:09,CHOL,373.1322199,327.938275746597,334.55,PASS,FALSE,H,canine,0,0,0,1.1526108146683927,-4.852983269233164
H-102,3196081-04,2026-04-24 15:30:09,TP,6.535780311,6.209268506527497,6.16,PASS,FALSE,H,canine,0,0,0,1.0215531074533013,0.19268277314491566
H-102,3196081-04,2026-04-24 15:30:09,PHOS,4.371627866,4.331129581774407,4.18,PASS,FALSE,H,canine,0,0,0,1.243620294351967,-1.0146527793628
H-102,3196081-04,2026-04-24 15:30:09,TRIG,194.8159236,140.90074776259507,129.74,PASS,FALSE,H,canine,0,0,0,1.6566651059160242,-38.60942861576657
H-102,3196081-04,2026-04-24 15:30:09,BUN,11.28608288,7.325762854788544,7.48,PASS,FALSE,H,canine,0,0,0,1.4556444062305274,0.6223771590556773
H-102,3196081-04,2026-04-24 15:30:09,AST,39.57935696,37.736602583107576,39.8,PASS,FALSE,H,canine,0,0,0,1.0527500542043366,-0.1478534548540118
H-102,3196081-04,2026-04-24 15:30:09,CK,116.4458663,13.368805478800452,10.24397716,PASS,FALSE,H,canine,0,0,0,5.148580565404912,47.615494229169286
H-102,3196081-04,2026-04-24 15:30:09,GLU,82.50107459,83.00300489587848,80.06,PASS,FALSE,H,canine,0,0,0,1.0318408759591173,-3.1448186890021503
H-102,3196081-04,2026-04-24 15:30:09,ALB,2.840684035,3.4006083224014776,3.33,PASS,FALSE,H,canine,0,0,0,0.8662807698293206,-0.10519756041794626
H-102,3196081-04,2026-04-24 15:30:09,ALP,1036.191492,971.5229556514184,928.7,PASS,FALSE,H,canine,0,0,0,1.0463097700634147,19.677531661035232
H-102,3196081-04,2026-04-24 15:30:09,CREA,0.4255896402,0.4210666233636733,0.48,PASS,FALSE,H,canine,0,0,0,1.010613970791601,5.382799462660959e-5
H-102,3196081-04,2026-04-24 15:30:09,Ca,NA,NA,NA,PASS,TRUE,H,canine,0,0,0,NA,NA
H-102,3196081-04,2026-04-24 15:30:09,Mg,NA,NA,NA,PASS,FALSE,H,canine,0,0,0,NA,NA
H-102,3196081-04,2026-04-24 15:30:09,ALT,NA,NA,NA,PASS,TRUE,H,canine,0,0,0,NA,NA
H-102,3196081-04,2026-04-24 15:30:09,TBIL,0.3061238694,0.2947470261064647,0.235,PASS,FALSE,H,canine,0,0,0,0.5183781500886099,0.15333345126281167
H-102,3196081-04,2026-04-24 15:30:09,LAC,NA,NA,NA,PASS,FALSE,H,canine,0,0,0,NA,NA
H-105,3214136-02,2026-04-24 16:24:16,AMY,781.0578694,NA,NA,PASS,FALSE,H,feline,0,0,0,NA,NA
H-105,3214136-02,2026-04-24 16:24:16,CHOL,349.6453432,313.49857680233,288.84,PASS,FALSE,H,feline,0,0,0,1.1309684490517473,-4.911655986061177
H-105,3214136-02,2026-04-24 16:24:16,TP,6.851653485,NA,NA,PASS,FALSE,H,feline,0,0,0,NA,NA
H-105,3214136-02,2026-04-24 16:24:16,PHOS,6.286228991,6.077770928739192,5.67,PASS,FALSE,H,feline,0,0,0,1.0511009346966473,-0.1021217130698755
H-105,3214136-02,2026-04-24 16:24:16,TRIG,89.74533065,NA,NA,PASS,FALSE,H,feline,0,0,0,NA,NA
H-105,3214136-02,2026-04-24 16:24:16,BUN,60.85541909,NA,NA,PASS,FALSE,H,feline,0,0,0,NA,NA
H-105,3214136-02,2026-04-24 16:24:16,AST,71.44903164,76.06257919654054,68.8,PASS,FALSE,H,feline,0,0,0,0.9146720835251358,1.8767138480046093
H-105,3214136-02,2026-04-24 16:24:16,CK,219.0358061,34.43259687656444,34.51763371,PASS,FALSE,H,feline,0,0,0,4.443649554151584,66.02941234117321
H-105,3214136-02,2026-04-24 16:24:16,GLU,317.1117589,335.52629537962673,310.89,PASS,FALSE,H,feline,0,0,0,0.9309481678047301,4.754168966027813
H-105,3214136-02,2026-04-24 16:24:16,ALB,2.826634851,3.6270855202712537,3.31,PASS,FALSE,H,feline,0,0,0,0.8805165656311053,-0.3670740345595548
H-105,3214136-02,2026-04-24 16:24:16,ALP,965.3536045,926.7173724525077,892.4,PASS,FALSE,H,feline,0,0,0,1.0208285288709618,19.334072500143392
H-105,3214136-02,2026-04-24 16:24:16,CREA,1.545462131,1.506452430678303,1.77,PASS,FALSE,H,feline,0,0,0,1.0333263809949713,-0.011194907333888615
H-105,3214136-02,2026-04-24 16:24:16,Ca,15.78915599,NA,NA,PASS,FALSE,H,feline,0,0,0,NA,NA
H-105,3214136-02,2026-04-24 16:24:16,Mg,2.296723953,2.1370388512131644,0.99,PASS,TRUE,H,feline,0,0,0,1.0582729654166796,0.035153510715990155
H-105,3214136-02,2026-04-24 16:24:16,ALT,106.8344555,64.43674544954554,67.9,PASS,FALSE,H,feline,0,0,0,1.0556743825534889,38.81023403379468
H-105,3214136-02,2026-04-24 16:24:16,TBIL,0.2759382628,NA,NA,PASS,FALSE,H,feline,0,0,0,NA,NA
H-105,3214136-02,2026-04-24 16:24:16,LAC,4.057928362,3.8534133330428375,3.64,PASS,FALSE,H,feline,0,0,0,1.0485360511543997,0.01748556230554943
H-108,3201789-03,2026-04-24 17:18:38,AMY,NA,NA,NA,PASS,FALSE,H,canine,0,0,0,NA,NA
H-108,3201789-03,2026-04-24 17:18:38,CHOL,276.511298,244.11039501670993,237.5,PASS,FALSE,H,canine,0,0,0,1.1526108146683927,-4.852983269233164
H-108,3201789-03,2026-04-24 17:18:38,TP,7.295191516,6.952657371442399,6.75,PASS,FALSE,H,canine,0,0,0,1.0215531074533013,0.19268277314491566
H-108,3201789-03,2026-04-24 17:18:38,PHOS,5.668908223,5.374277850495766,5.53,PASS,FALSE,H,canine,0,0,0,1.243620294351967,-1.0146527793628
H-108,3201789-03,2026-04-24 17:18:38,TRIG,NA,NA,NA,PASS,FALSE,H,canine,0,0,0,NA,NA
H-108,3201789-03,2026-04-24 17:18:38,BUN,NA,NA,NA,PASS,FALSE,H,canine,0,0,0,NA,NA
H-108,3201789-03,2026-04-24 17:18:38,AST,NA,NA,NA,PASS,FALSE,H,canine,0,0,0,NA,NA
H-108,3201789-03,2026-04-24 17:18:38,CK,74.72711595,NA,NA,PASS,FALSE,H,canine,0,0,0,NA,NA
H-108,3201789-03,2026-04-24 17:18:38,GLU,67.83705298,68.7914903574866,69.15,PASS,FALSE,H,canine,0,0,0,1.0318408759591173,-3.1448186890021503
H-108,3201789-03,2026-04-24 17:18:38,ALB,2.122808555,2.5719214751320414,2.46,PASS,FALSE,H,canine,0,0,0,0.8662807698293206,-0.10519756041794626
H-108,3201789-03,2026-04-24 17:18:38,ALP,84.45473565,61.91015877165971,62.2,PASS,FALSE,H,canine,0,0,0,1.0463097700634147,19.677531661035232
H-108,3201789-03,2026-04-24 17:18:38,CREA,0.819902168,0.8112378847911598,0.88,PASS,FALSE,H,canine,0,0,0,1.010613970791601,5.382799462660959e-5
H-108,3201789-03,2026-04-24 17:18:38,Ca,10.46786949,7.624320930593907,6.75,PASS,FALSE,H,canine,0,0,0,1.6124902376562238,-1.8262735793406897
H-108,3201789-03,2026-04-24 17:18:38,Mg,2.175769119,1.9849158454986326,1.84,PASS,FALSE,H,canine,0,0,0,1.109707539492933,-0.026906960008822534
H-108,3201789-03,2026-04-24 17:18:38,ALT,72.97256684,31.996735556555663,27.4,PASS,FALSE,H,canine,0,0,0,1.179201132613153,35.241980031786014
H-108,3201789-03,2026-04-24 17:18:38,TBIL,0.2611085416,0.20790824288941503,0.142,PASS,FALSE,H,canine,0,0,0,0.5183781500886099,0.15333345126281167
H-108,3201789-03,2026-04-24 17:18:38,LAC,7.055543155,6.4350504144708705,6.59,PASS,FALSE,H,canine,0,0,0,1.0995168177878338,-0.019902999023293955
H-112,3226947-03,2026-04-24 18:20:11,AMY,947.6501155,1149.3412617323268,1062.3,PASS,FALSE,H,feline,0,0,0,0.8230559845073662,1.6779117899612856
H-112,3226947-03,2026-04-24 18:20:11,CHOL,277.5739434,249.77319183652673,242.44,PASS,FALSE,H,feline,0,0,0,1.1309684490517473,-4.911655986061177
H-112,3226947-03,2026-04-24 18:20:11,TP,6.633921398,6.1770361277218555,6.11,PASS,FALSE,H,feline,0,0,0,1.029357337815499,0.2755439339780721
H-112,3226947-03,2026-04-24 18:20:11,PHOS,7.832028193,7.548418657205084,7.26,PASS,FALSE,H,feline,0,0,0,1.0511009346966473,-0.1021217130698755
H-112,3226947-03,2026-04-24 18:20:11,TRIG,63.18322113,62.82131957303384,56.95,PASS,FALSE,H,feline,0,0,0,1.6307165055732793,-39.26054159964
H-112,3226947-03,2026-04-24 18:20:11,BUN,36.08986769,25.033263165238612,25.16,PASS,FALSE,H,feline,0,0,0,1.3761557226956858,1.6401993274097642
H-112,3226947-03,2026-04-24 18:20:11,AST,35.94710455,37.2487488310439,41.9,PASS,FALSE,H,feline,0,0,0,0.9146720835251358,1.8767138480046093
H-112,3226947-03,2026-04-24 18:20:11,CK,114.1284482,10.824218983220476,10.47798777,PASS,FALSE,H,feline,0,0,0,4.443649554151584,66.02941234117321
H-112,3226947-03,2026-04-24 18:20:11,GLU,139.4761222,144.71477348911935,146.29,PASS,FALSE,H,feline,0,0,0,0.9309481678047301,4.754168966027813
H-112,3226947-03,2026-04-24 18:20:11,ALB,0.6943761154,1.2054857243926653,2.49,PASS,TRUE,H,feline,0,0,0,0.8805165656311053,-0.3670740345595548
H-112,3226947-03,2026-04-24 18:20:11,ALP,92.22533406,71.404020850078,73,PASS,FALSE,H,feline,0,0,0,1.0208285288709618,19.334072500143392
H-112,3226947-03,2026-04-24 18:20:11,CREA,1.740977973,1.6956625830521745,1.66,PASS,FALSE,H,feline,0,0,0,1.0333263809949713,-0.011194907333888615
H-112,3226947-03,2026-04-24 18:20:11,Ca,14.32864398,10.367482064790943,9.64,PASS,FALSE,H,feline,0,0,0,1.4989912987841354,-1.2121214254222057
H-112,3226947-03,2026-04-24 18:20:11,Mg,2.432806377,2.2656280039620675,2.2,PASS,FALSE,H,feline,0,0,0,1.0582729654166796,0.035153510715990155
H-112,3226947-03,2026-04-24 18:20:11,ALT,295.5375167,243.18794403746693,230.4,PASS,FALSE,H,feline,0,0,0,1.0556743825534889,38.81023403379468
H-112,3226947-03,2026-04-24 18:20:11,TBIL,0.1972356176,0.13537701313152267,0.12,PASS,FALSE,H,feline,0,0,0,0.6992320153380858,0.10257567587759489
H-112,3226947-03,2026-04-24 18:20:11,LAC,2.165757411,2.0488297434592564,2.04,PASS,FALSE,H,feline,0,0,0,1.0485360511543997,0.01748556230554943
H-114,3208541-03,2026-04-24 19:09:31,AMY,519.6687213,NA,NA,PASS,FALSE,H,canine,2,0,0,NA,NA
H-114,3208541-03,2026-04-24 19:09:31,CHOL,406.9123267,NA,NA,PASS,FALSE,H,canine,2,0,0,NA,NA
H-114,3208541-03,2026-04-24 19:09:31,TP,6.315941931,NA,NA,PASS,FALSE,H,canine,2,0,0,NA,NA
H-114,3208541-03,2026-04-24 19:09:31,PHOS,5.960864018,NA,NA,PASS,FALSE,H,canine,2,0,0,NA,NA
H-114,3208541-03,2026-04-24 19:09:31,TRIG,594.434609,NA,NA,PASS,FALSE,H,canine,2,0,0,NA,NA
H-114,3208541-03,2026-04-24 19:09:31,BUN,56.26850959,NA,NA,PASS,FALSE,H,canine,2,0,0,NA,NA
H-114,3208541-03,2026-04-24 19:09:31,AST,26.23027685,NA,NA,PASS,FALSE,H,canine,2,0,0,NA,NA
H-114,3208541-03,2026-04-24 19:09:31,CK,-33.5815689,NA,4.690250852,PASS,FALSE,H,canine,2,0,0,NA,NA
H-114,3208541-03,2026-04-24 19:09:31,GLU,137.4930778,NA,NA,PASS,FALSE,H,canine,2,0,0,NA,NA
H-114,3208541-03,2026-04-24 19:09:31,ALB,2.796247835,NA,NA,PASS,FALSE,H,canine,2,0,0,NA,NA
H-114,3208541-03,2026-04-24 19:09:31,ALP,1300.050331,NA,NA,PASS,FALSE,H,canine,2,0,0,NA,NA
H-114,3208541-03,2026-04-24 19:09:31,CREA,1.479342952,NA,NA,PASS,FALSE,H,canine,2,0,0,NA,NA
H-114,3208541-03,2026-04-24 19:09:31,Ca,14.10178512,NA,NA,PASS,FALSE,H,canine,2,0,0,NA,NA
H-114,3208541-03,2026-04-24 19:09:31,Mg,2.011719395,NA,NA,PASS,FALSE,H,canine,2,0,0,NA,NA
H-114,3208541-03,2026-04-24 19:09:31,ALT,305.419862,NA,NA,PASS,FALSE,H,canine,2,0,0,NA,NA
H-114,3208541-03,2026-04-24 19:09:31,TBIL,0.3641221082,NA,NA,PASS,FALSE,H,canine,2,0,0,NA,NA
H-114,3208541-03,2026-04-24 19:09:31,LAC,4.257218657,NA,NA,PASS,FALSE,H,canine,2,0,0,NA,NA
H-115,3219986-04,2026-04-24 19:30:31,AMY,2050.769486,2489.61384496403,2231.6,PASS,FALSE,H,feline,0,0,0,0.8230559845073662,1.6779117899612856
H-115,3219986-04,2026-04-24 19:30:31,CHOL,135.6926175,124.32201234610024,125.49,PASS,FALSE,H,feline,0,0,0,1.1309684490517473,-4.911655986061177
H-115,3219986-04,2026-04-24 19:30:31,TP,6.934094419,6.468648194758777,6.37,PASS,FALSE,H,feline,0,0,0,1.029357337815499,0.2755439339780721
H-115,3219986-04,2026-04-24 19:30:31,PHOS,4.165225475,4.059883353924951,4.23,PASS,FALSE,H,feline,0,0,0,1.0511009346966473,-0.1021217130698755
H-115,3219986-04,2026-04-24 19:30:31,TRIG,87.47143358,77.7155163061818,78.08,PASS,FALSE,H,feline,0,0,0,1.6307165055732793,-39.26054159964
H-115,3219986-04,2026-04-24 19:30:31,BUN,62.65649909,44.33822332480536,45.27,PASS,FALSE,H,feline,0,0,0,1.3761557226956858,1.6401993274097642
H-115,3219986-04,2026-04-24 19:30:31,AST,21.21529728,21.14264093145241,23.9,PASS,FALSE,H,feline,0,0,0,0.9146720835251358,1.8767138480046093
H-115,3219986-04,2026-04-24 19:30:31,CK,123.5290509,12.939732951061904,14.33485708,PASS,FALSE,H,feline,0,0,0,4.443649554151584,66.02941234117321
H-115,3219986-04,2026-04-24 19:30:31,GLU,86.38297129,87.68350929403637,90.52,PASS,FALSE,H,feline,0,0,0,0.9309481678047301,4.754168966027813
H-115,3219986-04,2026-04-24 19:30:31,ALB,2.119799221,2.8243344334778104,2.77,PASS,FALSE,H,feline,0,0,0,0.8805165656311053,-0.3670740345595548
H-115,3219986-04,2026-04-24 19:30:31,ALP,46.06198801,26.182571072359952,27.5,PASS,FALSE,H,feline,0,0,0,1.0208285288709618,19.334072500143392
H-115,3219986-04,2026-04-24 19:30:31,CREA,1.817696512,1.769906829991974,1.72,PASS,FALSE,H,feline,0,0,0,1.0333263809949713,-0.011194907333888615
H-115,3219986-04,2026-04-24 19:30:31,Ca,13.02917425,9.500585952015621,9.32,PASS,FALSE,H,feline,0,0,0,1.4989912987841354,-1.2121214254222057
H-115,3219986-04,2026-04-24 19:30:31,Mg,2.41368287,2.247557517778505,2.2,PASS,FALSE,H,feline,0,0,0,1.0582729654166796,0.035153510715990155
H-115,3219986-04,2026-04-24 19:30:31,ALT,72.31616636,31.738889263525007,25.4,PASS,FALSE,H,feline,0,0,0,1.0556743825534889,38.81023403379468
H-115,3219986-04,2026-04-24 19:30:31,TBIL,0.2189065954,0.16636955541310264,0.112,PASS,FALSE,H,feline,0,0,0,0.6992320153380858,0.10257567587759489
H-115,3219986-04,2026-04-24 19:30:31,LAC,1.470697372,1.3859435811429828,1.38,PASS,FALSE,H,feline,0,0,0,1.0485360511543997,0.01748556230554943
H-117,3217036-01,2026-04-24 20:09:15,AMY,422.4647737,531.766857963726,455.5,PASS,FALSE,H,canine,0,0,0,0.8068823003743819,-6.608491916628395
H-117,3217036-01,2026-04-24 20:09:15,CHOL,298.8956781,263.5309833151461,240.36,PASS,FALSE,H,canine,0,0,0,1.1526108146683927,-4.852983269233164
H-117,3217036-01,2026-04-24 20:09:15,TP,6.378524195,6.055330238558215,5.98,PASS,FALSE,H,canine,0,0,0,1.0215531074533013,0.19268277314491566
H-117,3217036-01,2026-04-24 20:09:15,PHOS,4.204906758,4.19706847907515,4.1,PASS,FALSE,H,canine,0,0,0,1.243620294351967,-1.0146527793628
H-117,3217036-01,2026-04-24 20:09:15,TRIG,72.0231714,66.78030437213452,61.18,PASS,FALSE,H,canine,0,0,0,1.6566651059160242,-38.60942861576657
H-117,3217036-01,2026-04-24 20:09:15,BUN,33.70201637,22.72508249223167,22.52,PASS,FALSE,H,canine,0,0,0,1.4556444062305274,0.6223771590556773
H-117,3217036-01,2026-04-24 20:09:15,AST,28.16238507,26.89169989760841,26.7,PASS,FALSE,H,canine,0,0,0,1.0527500542043366,-0.1478534548540118
H-117,3217036-01,2026-04-24 20:09:15,CK,172.9563456,24.344739249695166,26.62233686,PASS,FALSE,H,canine,0,0,0,5.148580565404912,47.615494229169286
H-117,3217036-01,2026-04-24 20:09:15,GLU,81.4333648,81.96824283626582,84.28,PASS,FALSE,H,canine,0,0,0,1.0318408759591173,-3.1448186890021503
H-117,3217036-01,2026-04-24 20:09:15,ALB,2.566681886,3.084311160392461,2.94,PASS,FALSE,H,canine,0,0,0,0.8662807698293206,-0.10519756041794626
H-117,3217036-01,2026-04-24 20:09:15,ALP,389.2205495,NA,NA,PASS,FALSE,H,canine,0,0,0,NA,NA
H-117,3217036-01,2026-04-24 20:09:15,CREA,0.8022276682,0.7937490113826953,0.78,PASS,FALSE,H,canine,0,0,0,1.010613970791601,5.382799462660959e-5
H-117,3217036-01,2026-04-24 20:09:15,Ca,13.57239646,9.549620630090054,9.63,PASS,FALSE,H,canine,0,0,0,1.6124902376562238,-1.8262735793406897
H-117,3217036-01,2026-04-24 20:09:15,Mg,2.813323384,2.5594404317615345,2.52,PASS,FALSE,H,canine,0,0,0,1.109707539492933,-0.026906960008822534
H-117,3217036-01,2026-04-24 20:09:15,ALT,113.2956587,66.19199770885919,73.9,PASS,FALSE,H,canine,0,0,0,1.179201132613153,35.241980031786014
H-117,3217036-01,2026-04-24 20:09:15,TBIL,0.2754938084,0.23565876979248956,0.22,PASS,FALSE,H,canine,0,0,0,0.5183781500886099,0.15333345126281167
H-117,3217036-01,2026-04-24 20:09:15,LAC,3.853939596,3.523222685049282,3.63,PASS,FALSE,H,canine,0,0,0,1.0995168177878338,-0.019902999023293955
H-76,3204190-04,2026-04-23 15:08:23,AMY,305.4886704,386.79391303021487,394.8,PASS,FALSE,H,canine,0,0,1,0.8068823003743819,-6.608491916628395
H-76,3204190-04,2026-04-23 15:08:23,CHOL,286.4258155,252.71218616236425,267.04,PASS,FALSE,H,canine,0,0,1,1.1526108146683927,-4.852983269233164
H-76,3204190-04,2026-04-23 15:08:23,TP,6.525200816,6.198912221648316,6.03,PASS,FALSE,H,canine,0,0,1,1.0215531074533013,0.19268277314491566
H-76,3204190-04,2026-04-23 15:08:23,PHOS,3.448610739,3.588927857347763,3.61,PASS,FALSE,H,canine,0,0,1,1.243620294351967,-1.0146527793628
H-76,3204190-04,2026-04-23 15:08:23,TRIG,96.23573261,81.39554623576518,76.66,PASS,FALSE,H,canine,0,0,1,1.6566651059160242,-38.60942861576657
H-76,3204190-04,2026-04-23 15:08:23,BUN,9.082284993,5.8117956540304565,6.14,PASS,FALSE,H,canine,0,0,1,1.4556444062305274,0.6223771590556773
H-76,3204190-04,2026-04-23 15:08:23,AST,70.41696034,67.0290288877606,72.1,PASS,FALSE,H,canine,0,0,1,1.0527500542043366,-0.1478534548540118
H-76,3204190-04,2026-04-23 15:08:23,CK,169.6252237,23.69774113872397,23.99720687,PASS,FALSE,H,canine,0,0,1,5.148580565404912,47.615494229169286
H-76,3204190-04,2026-04-23 15:08:23,GLU,105.7582497,105.54250265359424,107.88,PASS,FALSE,H,canine,0,0,1,1.0318408759591173,-3.1448186890021503
H-76,3204190-04,2026-04-23 15:08:23,ALB,2.228137266,2.693508741833982,2.65,PASS,FALSE,H,canine,0,0,1,0.8662807698293206,-0.10519756041794626
H-76,3204190-04,2026-04-23 15:08:23,ALP,443.7986037,405.3494330013373,418.9,PASS,FALSE,H,canine,0,0,1,1.0463097700634147,19.677531661035232
H-76,3204190-04,2026-04-23 15:08:23,CREA,0.4806569747,0.47555561331585694,0.52,PASS,FALSE,H,canine,0,0,1,1.010613970791601,5.382799462660959e-5
H-76,3204190-04,2026-04-23 15:08:23,Ca,13.64327614,9.593577286908657,8.85,PASS,FALSE,H,canine,0,0,1,1.6124902376562238,-1.8262735793406897
H-76,3204190-04,2026-04-23 15:08:23,Mg,2.117587521,1.9324861773839281,1.92,PASS,FALSE,H,canine,0,0,1,1.109707539492933,-0.026906960008822534
H-76,3204190-04,2026-04-23 15:08:23,ALT,264.0402765,194.0282197331244,197.8,PASS,FALSE,H,canine,0,0,1,1.179201132613153,35.241980031786014
H-76,3204190-04,2026-04-23 15:08:23,TBIL,0.6249948485,0.9098790085125387,0.849,PASS,FALSE,H,canine,0,0,1,0.5183781500886099,0.15333345126281167
H-76,3204190-04,2026-04-23 15:08:23,LAC,2.548088779,2.335563891773797,2.35,PASS,FALSE,H,canine,0,0,1,1.0995168177878338,-0.019902999023293955
H-77,3223614-03,2026-04-23 15:30:55,AMY,410.1537507,516.5093377599889,489.7,PASS,FALSE,H,canine,0,0,0,0.8068823003743819,-6.608491916628395
H-77,3223614-03,2026-04-23 15:30:55,CHOL,314.2006788,276.8095336334539,289.6,PASS,FALSE,H,canine,0,0,0,1.1526108146683927,-4.852983269233164
H-77,3223614-03,2026-04-23 15:30:55,TP,5.685203176,5.376637164315186,5.25,PASS,FALSE,H,canine,0,0,0,1.0215531074533013,0.19268277314491566
H-77,3223614-03,2026-04-23 15:30:55,PHOS,5.996914644,5.638029111624002,5.74,PASS,FALSE,H,canine,0,0,0,1.243620294351967,-1.0146527793628
H-77,3223614-03,2026-04-23 15:30:55,TRIG,28.36313917,40.4261353405734,40.15,PASS,FALSE,H,canine,0,0,0,1.6566651059160242,-38.60942861576657
H-77,3223614-03,2026-04-23 15:30:55,BUN,8.944254089,5.716971050295372,6.14,PASS,FALSE,H,canine,0,0,0,1.4556444062305274,0.6223771590556773
H-77,3223614-03,2026-04-23 15:30:55,AST,30.60959346,29.216286232443217,36,PASS,FALSE,H,canine,0,0,0,1.0527500542043366,-0.1478534548540118
H-77,3223614-03,2026-04-23 15:30:55,CK,97.44382315,9.678071128117221,7.63819521,PASS,FALSE,H,canine,0,0,0,5.148580565404912,47.615494229169286
H-77,3223614-03,2026-04-23 15:30:55,GLU,95.4850898,95.58635520939565,94.33,PASS,FALSE,H,canine,0,0,0,1.0318408759591173,-3.1448186890021503
H-77,3223614-03,2026-04-23 15:30:55,ALB,2.423091342,2.9185559583829663,2.82,PASS,FALSE,H,canine,0,0,0,0.8662807698293206,-0.10519756041794626
H-77,3223614-03,2026-04-23 15:30:55,ALP,NA,NA,NA,PASS,FALSE,H,canine,0,0,0,NA,NA
H-77,3223614-03,2026-04-23 15:30:55,CREA,NA,NA,NA,PASS,FALSE,H,canine,0,0,0,NA,NA
H-77,3223614-03,2026-04-23 15:30:55,Ca,41.35726202,26.78064932790448,9.46,PASS,TRUE,H,canine,0,0,0,1.6124902376562238,-1.8262735793406897
H-77,3223614-03,2026-04-23 15:30:55,Mg,2.680678792,2.439909305514875,1.79,PASS,TRUE,H,canine,0,0,0,1.109707539492933,-0.026906960008822534
H-77,3223614-03,2026-04-23 15:30:55,ALT,144.3575729,92.53348716381389,112.1,PASS,FALSE,H,canine,0,0,0,1.179201132613153,35.241980031786014
H-77,3223614-03,2026-04-23 15:30:55,TBIL,0.2583383872,0.2025643556142155,0.197,PASS,FALSE,H,canine,0,0,0,0.5183781500886099,0.15333345126281167
H-77,3223614-03,2026-04-23 15:30:55,LAC,2.561405957,2.347675737435961,2.31,PASS,FALSE,H,canine,0,0,0,1.0995168177878338,-0.019902999023293955
H-79,3159881-05,2026-04-23 16:15:40,AMY,538.3706649,652.0732042684459,632,PASS,FALSE,H,feline,0,0,0,0.8230559845073662,1.6779117899612856
H-79,3159881-05,2026-04-23 16:15:40,CHOL,111.871377,103.25931999604154,107.96,PASS,FALSE,H,feline,0,0,0,1.1309684490517473,-4.911655986061177
H-79,3159881-05,2026-04-23 16:15:40,TP,7.657375637,7.171301385666171,7.3,PASS,FALSE,H,feline,0,0,0,1.029357337815499,0.2755439339780721
H-79,3159881-05,2026-04-23 16:15:40,PHOS,4.237179322,4.1283390508279005,4.24,PASS,FALSE,H,feline,0,0,0,1.0511009346966473,-0.1021217130698755
H-79,3159881-05,2026-04-23 16:15:40,TRIG,24.14697139,38.88322266496533,39.71,PASS,FALSE,H,feline,0,0,0,1.6307165055732793,-39.26054159964
H-79,3159881-05,2026-04-23 16:15:40,BUN,43.67540008,30.54538091826519,28.36,PASS,FALSE,H,feline,0,0,0,1.3761557226956858,1.6401993274097642
H-79,3159881-05,2026-04-23 16:15:40,AST,19.22213309,18.963538468503753,17.4,PASS,FALSE,H,feline,0,0,0,0.9146720835251358,1.8767138480046093
H-79,3159881-05,2026-04-23 16:15:40,CK,165.6736826,22.423971342594243,11.97462425,PASS,TRUE,H,feline,0,0,0,4.443649554151584,66.02941234117321
H-79,3159881-05,2026-04-23 16:15:40,GLU,58.09307011,57.295242623174936,60.75,PASS,FALSE,H,feline,0,0,0,0.9309481678047301,4.754168966027813
H-79,3159881-05,2026-04-23 16:15:40,ALB,2.252904249,2.9755014111309768,2.96,PASS,FALSE,H,feline,0,0,0,0.8805165656311053,-0.3670740345595548
H-79,3159881-05,2026-04-23 16:15:40,ALP,44.2788648,24.435829911068016,21.6,PASS,FALSE,H,feline,0,0,0,1.0208285288709618,19.334072500143392
H-79,3159881-05,2026-04-23 16:15:40,CREA,1.362483009,1.3293746696094209,1.29,PASS,FALSE,H,feline,0,0,0,1.0333263809949713,-0.011194907333888615
H-79,3159881-05,2026-04-23 16:15:40,Ca,12.9527657,9.44961264078828,8.85,PASS,FALSE,H,feline,0,0,0,1.4989912987841354,-1.2121214254222057
H-79,3159881-05,2026-04-23 16:15:40,Mg,2.281588123,2.122736463743557,1.99,PASS,FALSE,H,feline,0,0,0,1.0582729654166796,0.035153510715990155
H-79,3159881-05,2026-04-23 16:15:40,ALT,54.44527564,14.810477420496774,13.9,PASS,FALSE,H,feline,0,0,0,1.0556743825534889,38.81023403379468
H-79,3159881-05,2026-04-23 16:15:40,TBIL,0.1965327603,0.13437182846522824,0.128,PASS,FALSE,H,feline,0,0,0,0.6992320153380858,0.10257567587759489
H-79,3159881-05,2026-04-23 16:15:40,LAC,2.212898422,2.0937886277514077,2.01,PASS,FALSE,H,feline,0,0,0,1.0485360511543997,0.01748556230554943
H-82,3159875-05,2026-04-23 17:08:26,AMY,1043.157553,1265.3812873171782,1111.8,PASS,FALSE,H,feline,0,0,0,0.8230559845073662,1.6779117899612856
H-82,3159875-05,2026-04-23 17:08:26,CHOL,236.3393735,213.31366908452347,224.68,PASS,FALSE,H,feline,0,0,0,1.1309684490517473,-4.911655986061177
H-82,3159875-05,2026-04-23 17:08:26,TP,6.893112962,6.428835531561591,6.66,PASS,FALSE,H,feline,0,0,0,1.029357337815499,0.2755439339780721
H-82,3159875-05,2026-04-23 17:08:26,PHOS,4.092907243,3.9910809871752044,4.05,PASS,FALSE,H,feline,0,0,0,1.0511009346966473,-0.1021217130698755
H-82,3159875-05,2026-04-23 17:08:26,TRIG,17.31706855,34.694939283606566,41.36,PASS,FALSE,H,feline,0,0,0,1.6307165055732793,-39.26054159964
H-82,3159875-05,2026-04-23 17:08:26,BUN,37.95540378,26.38887725689511,24.75,PASS,FALSE,H,feline,0,0,0,1.3761557226956858,1.6401993274097642
H-82,3159875-05,2026-04-23 17:08:26,AST,11.72344071,10.765308179130402,12.8,PASS,FALSE,H,feline,0,0,0,0.9146720835251358,1.8767138480046093
H-82,3159875-05,2026-04-23 17:08:26,CK,124.5640912,13.172658677401637,11.73993286,PASS,FALSE,H,feline,0,0,0,4.443649554151584,66.02941234117321
H-82,3159875-05,2026-04-23 17:08:26,GLU,54.99839098,53.97101981784136,57.97,PASS,FALSE,H,feline,0,0,0,0.9309481678047301,4.754168966027813
H-82,3159875-05,2026-04-23 17:08:26,ALB,2.491760879,3.2467701632739883,3.29,PASS,FALSE,H,feline,0,0,0,0.8805165656311053,-0.3670740345595548
H-82,3159875-05,2026-04-23 17:08:26,ALP,44.91526991,25.059250095752574,25.8,PASS,FALSE,H,feline,0,0,0,1.0208285288709618,19.334072500143392
H-82,3159875-05,2026-04-23 17:08:26,CREA,1.348742854,1.316077655952642,1.24,PASS,FALSE,H,feline,0,0,0,1.0333263809949713,-0.011194907333888615
H-82,3159875-05,2026-04-23 17:08:26,Ca,13.18201639,9.602549279036912,9.11,PASS,FALSE,H,feline,0,0,0,1.4989912987841354,-1.2121214254222057
H-82,3159875-05,2026-04-23 17:08:26,Mg,2.339498044,2.1774576206590592,2.14,PASS,FALSE,H,feline,0,0,0,1.0582729654166796,0.035153510715990155
H-82,3159875-05,2026-04-23 17:08:26,ALT,65.14023595,24.941404614288096,24.1,PASS,FALSE,H,feline,0,0,0,1.0556743825534889,38.81023403379468
H-82,3159875-05,2026-04-23 17:08:26,TBIL,0.1970730323,0.13514449331487588,0.128,PASS,FALSE,H,feline,0,0,0,0.6992320153380858,0.10257567587759489
H-82,3159875-05,2026-04-23 17:08:26,LAC,3.713401952,3.5248348262564573,3.42,PASS,FALSE,H,feline,0,0,0,1.0485360511543997,0.01748556230554943
H-83,3226641-03,2026-04-23 17:46:05,AMY,412.6557617,519.6101753900114,517.7,PASS,FALSE,H,canine,0,0,0,0.8068823003743819,-6.608491916628395
H-83,3226641-03,2026-04-23 17:46:05,CHOL,221.5140087,196.39499221110395,196.73,PASS,FALSE,H,canine,0,0,0,1.1526108146683927,-4.852983269233164
H-83,3226641-03,2026-04-23 17:46:05,TP,5.67693173,5.368540232359665,5.48,PASS,FALSE,H,canine,0,0,0,1.0215531074533013,0.19268277314491566
H-83,3226641-03,2026-04-23 17:46:05,PHOS,4.684123958,4.582408925975554,4.7,PASS,FALSE,H,canine,0,0,0,1.243620294351967,-1.0146527793628
H-83,3226641-03,2026-04-23 17:46:05,TRIG,34.87461395,44.35660671752656,47.37,PASS,FALSE,H,canine,0,0,0,1.6566651059160242,-38.60942861576657
H-83,3226641-03,2026-04-23 17:46:05,BUN,28.96089095,19.468019572395768,18.41,PASS,FALSE,H,canine,0,0,0,1.4556444062305274,0.6223771590556773
H-83,3226641-03,2026-04-23 17:46:05,AST,29.08109751,27.764378494328465,34.2,PASS,FALSE,H,canine,0,0,0,1.0527500542043366,-0.1478534548540118
H-83,3226641-03,2026-04-23 17:46:05,CK,150.9352787,20.067625078079182,21.13489769,PASS,FALSE,H,canine,0,0,0,5.148580565404912,47.615494229169286
H-83,3226641-03,2026-04-23 17:46:05,GLU,82.46954705,82.97245024279721,83.88,PASS,FALSE,H,canine,0,0,0,1.0318408759591173,-3.1448186890021503
H-83,3226641-03,2026-04-23 17:46:05,ALB,2.808026832,3.3629101486252844,3.38,PASS,FALSE,H,canine,0,0,0,0.8662807698293206,-0.10519756041794626
H-83,3226641-03,2026-04-23 17:46:05,ALP,NA,NA,NA,PASS,FALSE,H,canine,0,0,0,NA,NA
H-83,3226641-03,2026-04-23 17:46:05,CREA,NA,NA,NA,PASS,FALSE,H,canine,0,0,0,NA,NA
H-83,3226641-03,2026-04-23 17:46:05,Ca,14.52531513,10.140581522594482,9.95,PASS,FALSE,H,canine,0,0,0,1.6124902376562238,-1.8262735793406897
H-83,3226641-03,2026-04-23 17:46:05,Mg,1.71870763,1.5730402181519458,1.55,PASS,FALSE,H,canine,0,0,0,1.109707539492933,-0.026906960008822534
H-83,3226641-03,2026-04-23 17:46:05,ALT,77.49707114,35.83365885561452,39.5,PASS,FALSE,H,canine,0,0,0,1.179201132613153,35.241980031786014
H-83,3226641-03,2026-04-23 17:46:05,TBIL,0.2390357601,0.1653277801592113,0.211,PASS,FALSE,H,canine,0,0,0,0.5183781500886099,0.15333345126281167
H-83,3226641-03,2026-04-23 17:46:05,LAC,1.772856105,1.6304972102475201,1.65,PASS,FALSE,H,canine,0,0,0,1.0995168177878338,-0.019902999023293955
H-84,3164002-03,2026-04-23 18:28:42,AMY,935.5761978,1134.6716427425242,1091.7,PASS,FALSE,H,feline,0,0,0,0.8230559845073662,1.6779117899612856
H-84,3164002-03,2026-04-23 18:28:42,CHOL,358.706348,321.5102987982858,318.91,PASS,FALSE,H,feline,0,0,0,1.1309684490517473,-4.911655986061177
H-84,3164002-03,2026-04-23 18:28:42,TP,4.242260028,3.8535850945990124,4.83,PASS,TRUE,H,feline,0,0,0,1.029357337815499,0.2755439339780721
H-84,3164002-03,2026-04-23 18:28:42,PHOS,6.346764482,6.135363391081994,6.06,PASS,FALSE,H,feline,0,0,0,1.0511009346966473,-0.1021217130698755
H-84,3164002-03,2026-04-23 18:28:42,TRIG,24.3606329,39.01424575160839,37.59,PASS,FALSE,H,feline,0,0,0,1.6307165055732793,-39.26054159964
H-84,3164002-03,2026-04-23 18:28:42,BUN,23.36701837,15.788052677665437,15.18,PASS,FALSE,H,feline,0,0,0,1.3761557226956858,1.6401993274097642
H-84,3164002-03,2026-04-23 18:28:42,AST,24.51130871,24.74613062941849,29.8,PASS,FALSE,H,feline,0,0,0,0.9146720835251358,1.8767138480046093
H-84,3164002-03,2026-04-23 18:28:42,CK,141.9746963,17.09074557598115,18.70045957,PASS,FALSE,H,feline,0,0,0,4.443649554151584,66.02941234117321
H-84,3164002-03,2026-04-23 18:28:42,GLU,212.6160939,223.27980452889406,225.75,PASS,FALSE,H,feline,0,0,0,0.9309481678047301,4.754168966027813
H-84,3164002-03,2026-04-23 18:28:42,ALB,1.90783634,2.5836088307197556,2.51,PASS,FALSE,H,feline,0,0,0,0.8805165656311053,-0.3670740345595548
H-84,3164002-03,2026-04-23 18:28:42,ALP,62.2328061,42.0234470203362,42.1,PASS,FALSE,H,feline,0,0,0,1.0208285288709618,19.334072500143392
H-84,3164002-03,2026-04-23 18:28:42,CREA,0.6584532663,0.648050979777654,0.58,PASS,FALSE,H,feline,0,0,0,1.0333263809949713,-0.011194907333888615
H-84,3164002-03,2026-04-23 18:28:42,Ca,12.75039823,9.31461020937714,9.13,PASS,FALSE,H,feline,0,0,0,1.4989912987841354,-1.2121214254222057
H-84,3164002-03,2026-04-23 18:28:42,Mg,1.279927161,1.1762311718828595,1.26,PASS,FALSE,H,feline,0,0,0,1.0582729654166796,0.035153510715990155
H-84,3164002-03,2026-04-23 18:28:42,ALT,75.96087509,35.19138256092236,35.7,PASS,FALSE,H,feline,0,0,0,1.0556743825534889,38.81023403379468
H-84,3164002-03,2026-04-23 18:28:42,TBIL,0.09195809411,-0.01518463333298774,0.136,PASS,FALSE,H,feline,0,0,0,0.6992320153380858,0.10257567587759489
H-84,3164002-03,2026-04-23 18:28:42,LAC,1.84890707,1.7466461984574806,1.79,PASS,FALSE,H,feline,0,0,0,1.0485360511543997,0.01748556230554943
H-85,3207854-01,2026-04-23 18:53:00,AMY,366.2810921,NA,NA,PASS,FALSE,H,canine,0,0,0,NA,NA
H-85,3207854-01,2026-04-23 18:53:00,CHOL,406.6305181,357.00124979967103,344.28,PASS,FALSE,H,canine,0,0,0,1.1526108146683927,-4.852983269233164
H-85,3207854-01,2026-04-23 18:53:00,TP,7.388793443,7.0442844501689725,7.09,PASS,FALSE,H,canine,0,0,0,1.0215531074533013,0.19268277314491566
H-85,3207854-01,2026-04-23 18:53:00,PHOS,4.288738758,4.264478122019006,4.3,PASS,FALSE,H,canine,0,0,0,1.243620294351967,-1.0146527793628
H-85,3207854-01,2026-04-23 18:53:00,TRIG,35.20289948,44.554767183892196,43.02,PASS,FALSE,H,canine,0,0,0,1.6566651059160242,-38.60942861576657
H-85,3207854-01,2026-04-23 18:53:00,BUN,46.25758152,31.350516764681043,30.34,PASS,FALSE,H,canine,0,0,0,1.4556444062305274,0.6223771590556773
H-85,3207854-01,2026-04-23 18:53:00,AST,21.17836337,20.25762595754247,18.5,PASS,FALSE,H,canine,0,0,0,1.0527500542043366,-0.1478534548540118
H-85,3207854-01,2026-04-23 18:53:00,CK,54.01039952,NA,-3.374666549,PASS,FALSE,H,canine,0,0,0,NA,NA
H-85,3207854-01,2026-04-23 18:53:00,GLU,94.47194877,94.60447800952386,99.61,PASS,FALSE,H,canine,0,0,0,1.0318408759591173,-3.1448186890021503
H-85,3207854-01,2026-04-23 18:53:00,ALB,3.045643521,3.637205385545777,3.6,PASS,FALSE,H,canine,0,0,0,0.8662807698293206,-0.10519756041794626
H-85,3207854-01,2026-04-23 18:53:00,ALP,72.830639969999993,50.80054667342278,50.5,PASS,FALSE,H,canine,0,0,0,1.0463097700634147,19.677531661035232
H-85,3207854-01,2026-04-23 18:53:00,CREA,1.292984513,1.279351683603421,1.32,PASS,FALSE,H,canine,0,0,0,1.010613970791601,5.382799462660959e-5
H-85,3207854-01,2026-04-23 18:53:00,Ca,2.371323068,2.6031764715933745,10.4,PASS,TRUE,H,canine,0,0,0,1.6124902376562238,-1.8262735793406897
H-85,3207854-01,2026-04-23 18:53:00,Mg,0.3448185286,0.334976086382794,1.89,PASS,TRUE,H,canine,0,0,0,1.109707539492933,-0.026906960008822534
H-85,3207854-01,2026-04-23 18:53:00,ALT,82.72330729,40.26567304340492,47.6,PASS,FALSE,H,canine,0,0,0,1.179201132613153,35.241980031786014
H-85,3207854-01,2026-04-23 18:53:00,TBIL,0.2585190594,0.20291288920879133,0.167,PASS,FALSE,H,canine,0,0,0,0.5183781500886099,0.15333345126281167
H-85,3207854-01,2026-04-23 18:53:00,LAC,1.273971979,1.1767668825898432,1.2,PASS,FALSE,H,canine,0,0,0,1.0995168177878338,-0.019902999023293955
H-86,3224621-01,2026-04-23 19:14:14,AMY,410.0943535,516.4357245453076,559.3,PASS,FALSE,H,canine,2,0,3,0.8068823003743819,-6.608491916628395
H-86,3224621-01,2026-04-23 19:14:14,CHOL,351.6621042,309.3108991622666,326.35,PASS,FALSE,H,canine,2,0,3,1.1526108146683927,-4.852983269233164
H-86,3224621-01,2026-04-23 19:14:14,TP,6.594542168,6.266790584010568,6.76,PASS,FALSE,H,canine,2,0,3,1.0215531074533013,0.19268277314491566
H-86,3224621-01,2026-04-23 19:14:14,PHOS,6.755418428,6.247945005924557,6.31,PASS,FALSE,H,canine,2,0,3,1.243620294351967,-1.0146527793628
H-86,3224621-01,2026-04-23 19:14:14,TRIG,85.77843439,75.08328784228752,400.58,PASS,TRUE,H,canine,2,0,3,1.6566651059160242,-38.60942861576657
H-86,3224621-01,2026-04-23 19:14:14,BUN,30.83074168,20.75257143272413,25.26,PASS,FALSE,H,canine,2,0,3,1.4556444062305274,0.6223771590556773
H-86,3224621-01,2026-04-23 19:14:14,AST,69.07181837,65.75128782792598,19.8,PASS,FALSE,H,canine,2,0,3,1.0527500542043366,-0.1478534548540118
H-86,3224621-01,2026-04-23 19:14:14,CK,-110.6569388,NA,20.23780136,PASS,FALSE,H,canine,2,0,3,NA,NA
H-86,3224621-01,2026-04-23 19:14:14,GLU,98.77474613,98.7744982716117,105.05,PASS,FALSE,H,canine,2,0,3,1.0318408759591173,-3.1448186890021503
H-86,3224621-01,2026-04-23 19:14:14,ALB,3.324346335,3.958928807912536,3.98,PASS,FALSE,H,canine,2,0,3,0.8662807698293206,-0.10519756041794626
H-86,3224621-01,2026-04-23 19:14:14,ALP,304.1056005,271.83925542597785,270.1,PASS,FALSE,H,canine,2,0,3,1.0463097700634147,19.677531661035232
H-86,3224621-01,2026-04-23 19:14:14,CREA,1.000694037,0.9901309876228848,1.32,PASS,FALSE,H,canine,2,0,3,1.010613970791601,5.382799462660959e-5
H-86,3224621-01,2026-04-23 19:14:14,Ca,14.29900088,10.000230750406892,10.07,PASS,FALSE,H,canine,2,0,3,1.6124902376562238,-1.8262735793406897
H-86,3224621-01,2026-04-23 19:14:14,Mg,2.567192804,2.33764273170043,2.47,PASS,FALSE,H,canine,2,0,3,1.109707539492933,-0.026906960008822534
H-86,3224621-01,2026-04-23 19:14:14,ALT,78.15156298,36.38868871599942,45.5,PASS,FALSE,H,canine,2,0,3,1.179201132613153,35.241980031786014
H-86,3224621-01,2026-04-23 19:14:14,TBIL,0.2675906928,0.22041291963725235,0.36,PASS,FALSE,H,canine,2,0,3,0.5183781500886099,0.15333345126281167
H-86,3224621-01,2026-04-23 19:14:14,LAC,2.390635635,2.192361767483614,2.17,PASS,FALSE,H,canine,2,0,3,1.0995168177878338,-0.019902999023293955
H-87,3215689-03,2026-04-23 19:35:20,AMY,711.7639523,NA,NA,PASS,FALSE,H,canine,0,0,0,NA,NA
H-87,3215689-03,2026-04-23 19:35:20,CHOL,292.0688884,257.60809103171385,258.59,PASS,FALSE,H,canine,0,0,0,1.1526108146683927,-4.852983269233164
H-87,3215689-03,2026-04-23 19:35:20,TP,6.614364242,NA,NA,PASS,FALSE,H,canine,0,0,0,NA,NA
H-87,3215689-03,2026-04-23 19:35:20,PHOS,2.943260021,3.182573345206796,3.32,PASS,FALSE,H,canine,0,0,0,1.243620294351967,-1.0146527793628
H-87,3215689-03,2026-04-23 19:35:20,TRIG,53.52976343,NA,NA,PASS,FALSE,H,canine,0,0,0,NA,NA
H-87,3215689-03,2026-04-23 19:35:20,BUN,25.40615046,NA,NA,PASS,FALSE,H,canine,0,0,0,NA,NA
H-87,3215689-03,2026-04-23 19:35:20,AST,19.9691643,19.10901611879598,22.2,PASS,FALSE,H,canine,0,0,0,1.0527500542043366,-0.1478534548540118
H-87,3215689-03,2026-04-23 19:35:20,CK,67.20928514,NA,-1.553275954,PASS,FALSE,H,canine,0,0,0,NA,NA
H-87,3215689-03,2026-04-23 19:35:20,GLU,91.27285458,91.50410249181007,94.12,PASS,FALSE,H,canine,0,0,0,1.0318408759591173,-3.1448186890021503
H-87,3215689-03,2026-04-23 19:35:20,ALB,1.830944654,2.235005418392718,3.55,PASS,TRUE,H,canine,0,0,0,0.8662807698293206,-0.10519756041794626
H-87,3215689-03,2026-04-23 19:35:20,ALP,56.47329451,35.167178881197536,36,PASS,FALSE,H,canine,0,0,0,1.0463097700634147,19.677531661035232
H-87,3215689-03,2026-04-23 19:35:20,CREA,1.039893229,1.028918490203416,1.02,PASS,FALSE,H,canine,0,0,0,1.010613970791601,5.382799462660959e-5
H-87,3215689-03,2026-04-23 19:35:20,Ca,14.24125673,NA,NA,PASS,FALSE,H,canine,0,0,0,NA,NA
H-87,3215689-03,2026-04-23 19:35:20,Mg,2.236933979,2.040033845352854,0.89,PASS,TRUE,H,canine,0,0,0,1.109707539492933,-0.026906960008822534
H-87,3215689-03,2026-04-23 19:35:20,ALT,103.8504623,58.18217127740971,67.8,PASS,FALSE,H,canine,0,0,0,1.179201132613153,35.241980031786014
H-87,3215689-03,2026-04-23 19:35:20,TBIL,0.27631034,NA,NA,PASS,FALSE,H,canine,0,0,0,NA,NA
H-87,3215689-03,2026-04-23 19:35:20,LAC,1.346277157,1.2425277484813482,1.26,PASS,FALSE,H,canine,0,0,0,1.0995168177878338,-0.019902999023293955
H-88,3200779-01,2026-04-23 19:56:53,AMY,577.4358032,723.828363623344,664.1,PASS,FALSE,H,canine,0,0,0,0.8068823003743819,-6.608491916628395
H-88,3200779-01,2026-04-23 19:56:53,CHOL,259.8856544,229.68606081090672,226.82,PASS,FALSE,H,canine,0,0,0,1.1526108146683927,-4.852983269233164
H-88,3200779-01,2026-04-23 19:56:53,TP,6.725124438,6.394617780704763,6.06,PASS,FALSE,H,canine,0,0,0,1.0215531074533013,0.19268277314491566
H-88,3200779-01,2026-04-23 19:56:53,PHOS,4.452063029,4.395807814644444,4.51,PASS,FALSE,H,canine,0,0,0,1.243620294351967,-1.0146527793628
H-88,3200779-01,2026-04-23 19:56:53,TRIG,77.15585794,69.87850842174657,66.07,PASS,FALSE,H,canine,0,0,0,1.6566651059160242,-38.60942861576657
H-88,3200779-01,2026-04-23 19:56:53,BUN,117.6845327,80.41947266783605,83.85,PASS,FALSE,H,canine,0,0,0,1.4556444062305274,0.6223771590556773
H-88,3200779-01,2026-04-23 19:56:53,AST,14.13015176,13.562578465640886,19,PASS,FALSE,H,canine,0,0,0,1.0527500542043366,-0.1478534548540118
H-88,3200779-01,2026-04-23 19:56:53,CK,55.84956812,NA,-5.849461552,PASS,FALSE,H,canine,0,0,0,NA,NA
H-88,3200779-01,2026-04-23 19:56:53,GLU,88.35366391,88.67499314170165,90.99,PASS,FALSE,H,canine,0,0,0,1.0318408759591173,-3.1448186890021503
H-88,3200779-01,2026-04-23 19:56:53,ALB,2.781957127,3.3328163200330416,3.18,PASS,FALSE,H,canine,0,0,0,0.8662807698293206,-0.10519756041794626
H-88,3200779-01,2026-04-23 19:56:53,ALP,191.045191,163.78291041722616,145.7,PASS,FALSE,H,canine,0,0,0,1.0463097700634147,19.677531661035232
H-88,3200779-01,2026-04-23 19:56:53,CREA,1.596652279,1.579830179623163,1.81,PASS,FALSE,H,canine,0,0,0,1.010613970791601,5.382799462660959e-5
H-88,3200779-01,2026-04-23 19:56:53,Ca,14.90035435,10.373165392711504,10.11,PASS,FALSE,H,canine,0,0,0,1.6124902376562238,-1.8262735793406897
H-88,3200779-01,2026-04-23 19:56:53,Mg,2.227221991,2.031282000696164,2.01,PASS,FALSE,H,canine,0,0,0,1.109707539492933,-0.026906960008822534
H-88,3200779-01,2026-04-23 19:56:53,ALT,81.28493432,39.04588709661524,34,PASS,FALSE,H,canine,0,0,0,1.179201132613153,35.241980031786014
H-88,3200779-01,2026-04-23 19:56:53,TBIL,0.2543528902,0.19487595864123597,0.201,PASS,FALSE,H,canine,0,0,0,0.5183781500886099,0.15333345126281167
H-88,3200779-01,2026-04-23 19:56:53,LAC,2.482139881,2.2755840015774056,2.3,PASS,FALSE,H,canine,0,0,0,1.0995168177878338,-0.019902999023293955
H-90,3207251-03,2026-04-23 21:45:26,AMY,913.4497276,1140.263231811795,990.3,PASS,FALSE,H,canine,0,0,0,0.8068823003743819,-6.608491916628395
H-90,3207251-03,2026-04-23 21:45:26,CHOL,147.9452917,132.56710159638178,129.24,PASS,FALSE,H,canine,0,0,0,1.1526108146683927,-4.852983269233164
H-90,3207251-03,2026-04-23 21:45:26,TP,5.71256028,5.403417077958834,5.41,PASS,FALSE,H,canine,0,0,0,1.0215531074533013,0.19268277314491566
H-90,3207251-03,2026-04-23 21:45:26,PHOS,4.147581421,4.150972948742982,4.24,PASS,FALSE,H,canine,0,0,0,1.243620294351967,-1.0146527793628
H-90,3207251-03,2026-04-23 21:45:26,TRIG,-10.04997317,NA,38.12,PASS,FALSE,H,canine,0,0,0,NA,NA
H-90,3207251-03,2026-04-23 21:45:26,BUN,13.78730452,9.044054512623477,6.8,PASS,FALSE,H,canine,0,0,0,1.4556444062305274,0.6223771590556773
H-90,3207251-03,2026-04-23 21:45:26,AST,132.0209605,125.54624283989855,120,PASS,FALSE,H,canine,0,0,0,1.0527500542043366,-0.1478534548540118
H-90,3207251-03,2026-04-23 21:45:26,CK,821.4713392,150.30469760357542,168.6826638,PASS,FALSE,H,canine,0,0,0,5.148580565404912,47.615494229169286
H-90,3207251-03,2026-04-23 21:45:26,GLU,111.519115,111.12559732858001,116.07,PASS,FALSE,H,canine,0,0,0,1.0318408759591173,-3.1448186890021503
H-90,3207251-03,2026-04-23 21:45:26,ALB,1.766785026,2.1609421005464253,2.11,PASS,FALSE,H,canine,0,0,0,0.8662807698293206,-0.10519756041794626
H-90,3207251-03,2026-04-23 21:45:26,ALP,139.1266997,114.1623364863784,120.1,PASS,FALSE,H,canine,0,0,0,1.0463097700634147,19.677531661035232
H-90,3207251-03,2026-04-23 21:45:26,CREA,0.855571881,0.8465329767163786,0.75,PASS,FALSE,H,canine,0,0,0,1.010613970791601,5.382799462660959e-5
H-90,3207251-03,2026-04-23 21:45:26,Ca,11.85903003,8.487061372372995,7.83,PASS,FALSE,H,canine,0,0,0,1.6124902376562238,-1.8262735793406897
H-90,3207251-03,2026-04-23 21:45:26,Mg,1.93697463,1.769728978237089,1.78,PASS,FALSE,H,canine,0,0,0,1.109707539492933,-0.026906960008822534
H-90,3207251-03,2026-04-23 21:45:26,ALT,190.1051377,131.32887459583043,139.7,PASS,FALSE,H,canine,0,0,0,1.179201132613153,35.241980031786014
H-90,3207251-03,2026-04-23 21:45:26,TBIL,0.1826672448,0.05658763497684865,0.104,PASS,FALSE,H,canine,0,0,0,0.5183781500886099,0.15333345126281167
H-90,3207251-03,2026-04-23 21:45:26,LAC,1.646701818,1.5157610962026113,1.58,PASS,FALSE,H,canine,0,0,0,1.0995168177878338,-0.019902999023293955
H-91,3197861-03,2026-04-23 22:09:16,AMY,302.6993159,383.33695964468916,378,PASS,FALSE,H,canine,0,0,0,0.8068823003743819,-6.608491916628395
H-91,3197861-03,2026-04-23 22:09:16,CHOL,251.4184722,222.33997131370205,212.36,PASS,FALSE,H,canine,0,0,0,1.1526108146683927,-4.852983269233164
H-91,3197861-03,2026-04-23 22:09:16,TP,5.263508887,4.963839938284256,4.72,PASS,FALSE,H,canine,0,0,0,1.0215531074533013,0.19268277314491566
H-91,3197861-03,2026-04-23 22:09:16,PHOS,5.01346529,4.847233594321462,5.02,PASS,FALSE,H,canine,0,0,0,1.243620294351967,-1.0146527793628
H-91,3197861-03,2026-04-23 22:09:16,TRIG,49.39504135,53.12146048800009,52.57,PASS,FALSE,H,canine,0,0,0,1.6566651059160242,-38.60942861576657
H-91,3197861-03,2026-04-23 22:09:16,BUN,40.31291549,27.266644354252144,29.3,PASS,FALSE,H,canine,0,0,0,1.4556444062305274,0.6223771590556773
H-91,3197861-03,2026-04-23 22:09:16,AST,23.92795038,22.869439653508625,26.7,PASS,FALSE,H,canine,0,0,0,1.0527500542043366,-0.1478534548540118
H-91,3197861-03,2026-04-23 22:09:16,CK,141.5079278,18.236566831978188,18.86635205,PASS,FALSE,H,canine,0,0,0,5.148580565404912,47.615494229169286
H-91,3197861-03,2026-04-23 22:09:16,GLU,86.617135,86.99205059652883,90.84,PASS,FALSE,H,canine,0,0,0,1.0318408759591173,-3.1448186890021503
H-91,3197861-03,2026-04-23 22:09:16,ALB,2.130855966,2.581211085706665,2.54,PASS,FALSE,H,canine,0,0,0,0.8662807698293206,-0.10519756041794626
H-91,3197861-03,2026-04-23 22:09:16,ALP,50.57906116,29.53382486057823,28.4,PASS,FALSE,H,canine,0,0,0,1.0463097700634147,19.677531661035232
H-91,3197861-03,2026-04-23 22:09:16,CREA,1.479877871,1.4642821945616347,1.24,PASS,FALSE,H,canine,0,0,0,1.010613970791601,5.382799462660959e-5
H-91,3197861-03,2026-04-23 22:09:16,Ca,NA,NA,NA,PASS,FALSE,H,canine,0,0,0,NA,NA
H-91,3197861-03,2026-04-23 22:09:16,Mg,NA,NA,NA,PASS,FALSE,H,canine,0,0,0,NA,NA
H-91,3197861-03,2026-04-23 22:09:16,ALT,NA,NA,NA,PASS,TRUE,H,canine,0,0,0,NA,NA
H-91,3197861-03,2026-04-23 22:09:16,TBIL,0.240743542,0.1686222513858787,0.121,PASS,FALSE,H,canine,0,0,0,0.5183781500886099,0.15333345126281167
H-91,3197861-03,2026-04-23 22:09:16,LAC,NA,NA,NA,PASS,FALSE,H,canine,0,0,0,NA,NA
H-92,3196853-03,2026-04-23 22:32:18,AMY,299.477539,NA,NA,PASS,FALSE,H,feline,0,0,3,NA,NA
H-92,3196853-03,2026-04-23 22:32:18,CHOL,145.0831514,132.62510330135493,145.91,PASS,FALSE,H,feline,0,0,3,1.1309684490517473,-4.911655986061177
H-92,3196853-03,2026-04-23 22:32:18,TP,5.630194199,5.201935293321521,5.22,PASS,FALSE,H,feline,0,0,3,1.029357337815499,0.2755439339780721
H-92,3196853-03,2026-04-23 22:32:18,PHOS,4.48780157,4.366776901777325,4.49,PASS,FALSE,H,feline,0,0,3,1.0511009346966473,-0.1021217130698755
H-92,3196853-03,2026-04-23 22:32:18,TRIG,80.20089893,73.25702543719777,73.76,PASS,FALSE,H,feline,0,0,3,1.6307165055732793,-39.26054159964
H-92,3196853-03,2026-04-23 22:32:18,BUN,22.87114268,15.427718682157535,16.32,PASS,FALSE,H,feline,0,0,3,1.3761557226956858,1.6401993274097642
H-92,3196853-03,2026-04-23 22:32:18,AST,183.3617406,198.41539937739668,196.9,PASS,FALSE,H,feline,0,0,3,0.9146720835251358,1.8767138480046093
H-92,3196853-03,2026-04-23 22:32:18,CK,0,NA,0,PASS,TRUE,H,feline,0,0,3,NA,NA
H-92,3196853-03,2026-04-23 22:32:18,GLU,209.6202738,220.0617734895673,215.3,PASS,FALSE,H,feline,0,0,3,0.9309481678047301,4.754168966027813
H-92,3196853-03,2026-04-23 22:32:18,ALB,1.642178957,2.281902544467672,2.14,PASS,FALSE,H,feline,0,0,3,0.8805165656311053,-0.3670740345595548
H-92,3196853-03,2026-04-23 22:32:18,ALP,37.42675195,17.723524507947626,14.6,PASS,FALSE,H,feline,0,0,3,1.0208285288709618,19.334072500143392
H-92,3196853-03,2026-04-23 22:32:18,CREA,0.5729097561,0.5652663806680951,0.72,PASS,FALSE,H,feline,0,0,3,1.0333263809949713,-0.011194907333888615
H-92,3196853-03,2026-04-23 22:32:18,Ca,10.0712349,NA,NA,PASS,FALSE,H,feline,0,0,3,NA,NA
H-92,3196853-03,2026-04-23 22:32:18,Mg,2.305161362,2.1450116609472563,2.19,PASS,FALSE,H,feline,0,0,3,1.0582729654166796,0.035153510715990155
H-92,3196853-03,2026-04-23 22:32:18,ALT,72.40274743,31.82090420244072,40.9,PASS,FALSE,H,feline,0,0,3,1.0556743825534889,38.81023403379468
H-92,3196853-03,2026-04-23 22:32:18,TBIL,0.2459551946,0.2050528516676681,0.568,PASS,FALSE,H,feline,0,0,3,0.6992320153380858,0.10257567587759489
H-92,3196853-03,2026-04-23 22:32:18,LAC,1.928361794,1.8224230150128322,1.89,PASS,FALSE,H,feline,0,0,3,1.0485360511543997,0.01748556230554943
H-98,3217786-03,2026-04-24 13:58:06,AMY,877.2544353,NA,NA,PASS,FALSE,H,feline,1,0,1,NA,NA
H-98,3217786-03,2026-04-24 13:58:06,CHOL,197.0142259,178.5424536425968,180.77,PASS,FALSE,H,feline,1,0,1,1.1309684490517473,-4.911655986061177
H-98,3217786-03,2026-04-24 13:58:06,TP,6.431269077,NA,NA,PASS,FALSE,H,feline,1,0,1,NA,NA
H-98,3217786-03,2026-04-24 13:58:06,PHOS,6.896086811,6.657979546074318,6.32,PASS,FALSE,H,feline,1,0,1,1.0511009346966473,-0.1021217130698755
H-98,3217786-03,2026-04-24 13:58:06,TRIG,154.4646894,NA,NA,PASS,FALSE,H,feline,1,0,1,NA,NA
H-98,3217786-03,2026-04-24 13:58:06,BUN,36.29253724,NA,NA,PASS,FALSE,H,feline,1,0,1,NA,NA
H-98,3217786-03,2026-04-24 13:58:06,AST,44.19336706,46.26428856219978,48.3,PASS,FALSE,H,feline,1,0,1,0.9146720835251358,1.8767138480046093
H-98,3217786-03,2026-04-24 13:58:06,CK,0,NA,768.9334968,PASS,TRUE,H,feline,1,0,1,NA,NA
H-98,3217786-03,2026-04-24 13:58:06,GLU,85.21144691,86.42508866384965,89.51,PASS,FALSE,H,feline,1,0,1,0.9309481678047301,4.754168966027813
H-98,3217786-03,2026-04-24 13:58:06,ALB,2.663164125,3.4414323112565737,3.55,PASS,FALSE,H,feline,1,0,1,0.8805165656311053,-0.3670740345595548
H-98,3217786-03,2026-04-24 13:58:06,ALP,60.39922304,40.2272755692621,46.4,PASS,FALSE,H,feline,1,0,1,1.0208285288709618,19.334072500143392
H-98,3217786-03,2026-04-24 13:58:06,CREA,1.620799175,1.5793597379779183,1.28,PASS,FALSE,H,feline,1,0,1,1.0333263809949713,-0.011194907333888615
H-98,3217786-03,2026-04-24 13:58:06,Ca,19.72650873,NA,NA,PASS,FALSE,H,feline,1,0,1,NA,NA
H-98,3217786-03,2026-04-24 13:58:06,Mg,3.05921966,NA,NA,PASS,FALSE,H,feline,1,0,1,NA,NA
H-98,3217786-03,2026-04-24 13:58:06,ALT,84.36336093,43.1507362961867,51.3,PASS,FALSE,H,feline,1,0,1,1.0556743825534889,38.81023403379468
H-98,3217786-03,2026-04-24 13:58:06,TBIL,0.2181837236,NA,NA,PASS,FALSE,H,feline,1,0,1,NA,NA
H-98,3217786-03,2026-04-24 13:58:06,LAC,1.082930352,1.016126044041533,1.01,PASS,FALSE,H,feline,1,0,1,1.0485360511543997,0.01748556230554943
S-100,3216700-03,2026-04-23 22:30:10,AMY,662.0249178,802.3111652669464,858.4,PASS,FALSE,S,feline,0,0,0,0.8230559845073662,1.6779117899612856
S-100,3216700-03,2026-04-23 22:30:10,CHOL,139.26623,127.48179324272587,123.53,PASS,FALSE,S,feline,0,0,0,1.1309684490517473,-4.911655986061177
S-100,3216700-03,2026-04-23 22:30:10,TP,7.602768742,7.118251882841537,7.19,PASS,FALSE,S,feline,0,0,0,1.029357337815499,0.2755439339780721
S-100,3216700-03,2026-04-23 22:30:10,PHOS,5.95489328,5.762543627475661,5.69,PASS,FALSE,S,feline,0,0,0,1.0511009346966473,-0.1021217130698755
S-100,3216700-03,2026-04-23 22:30:10,TRIG,35.51057463,45.85169523586454,48.84,PASS,FALSE,S,feline,0,0,0,1.6307165055732793,-39.26054159964
S-100,3216700-03,2026-04-23 22:30:10,BUN,29.39465973,20.168110298028882,20.03,PASS,FALSE,S,feline,0,0,0,1.3761557226956858,1.6401993274097642
S-100,3216700-03,2026-04-23 22:30:10,AST,18.11463802,17.75272741397618,13,PASS,FALSE,S,feline,0,0,0,0.9146720835251358,1.8767138480046093
S-100,3216700-03,2026-04-23 22:30:10,CK,71.86805703,1.3139300517908525,1.008532673,PASS,FALSE,S,feline,0,0,0,4.443649554151584,66.02941234117321
S-100,3216700-03,2026-04-23 22:30:10,GLU,91.24504606,92.90622194136374,92.2,PASS,FALSE,S,feline,0,0,0,0.9309481678047301,4.754168966027813
S-100,3216700-03,2026-04-23 22:30:10,ALB,2.424932632,3.170873525313405,3.18,PASS,FALSE,S,feline,0,0,0,0.8805165656311053,-0.3670740345595548
S-100,3216700-03,2026-04-23 22:30:10,ALP,33.55827674,13.933979936462592,12.2,PASS,FALSE,S,feline,0,0,0,1.0208285288709618,19.334072500143392
S-100,3216700-03,2026-04-23 22:30:10,CREA,1.481892582,1.44493309838487,1.45,PASS,FALSE,S,feline,0,0,0,1.0333263809949713,-0.011194907333888615
S-100,3216700-03,2026-04-23 22:30:10,Ca,14.14932031,10.247852504468977,10.73,PASS,FALSE,S,feline,0,0,0,1.4989912987841354,-1.2121214254222057
S-100,3216700-03,2026-04-23 22:30:10,Mg,2.558168445,2.3840871086512254,2.32,PASS,FALSE,S,feline,0,0,0,1.0582729654166796,0.035153510715990155
S-100,3216700-03,2026-04-23 22:30:10,ALT,83.15248427,42.00371910981613,33.6,PASS,FALSE,S,feline,0,0,0,1.0556743825534889,38.81023403379468
S-100,3216700-03,2026-04-23 22:30:10,TBIL,0.2160982422,0.1623532158599972,0.126,PASS,FALSE,S,feline,0,0,0,0.6992320153380858,0.10257567587759489
S-100,3216700-03,2026-04-23 22:30:10,LAC,2.193542241,2.0753284317679794,2.06,PASS,FALSE,S,feline,0,0,0,1.0485360511543997,0.01748556230554943
S-101,3212911-03,2026-04-23 22:48:49,AMY,1053.693556,NA,NA,PASS,FALSE,S,feline,NA,NA,NA,NA,NA
S-101,3212911-03,2026-04-23 22:48:49,CHOL,118.5564874,NA,NA,PASS,FALSE,S,feline,NA,NA,NA,NA,NA
S-101,3212911-03,2026-04-23 22:48:49,TP,7.20545643,NA,NA,PASS,FALSE,S,feline,NA,NA,NA,NA,NA
S-101,3212911-03,2026-04-23 22:48:49,PHOS,4.264498072,NA,NA,PASS,FALSE,S,feline,NA,NA,NA,NA,NA
S-101,3212911-03,2026-04-23 22:48:49,TRIG,4.283296356,NA,NA,PASS,FALSE,S,feline,NA,NA,NA,NA,NA
S-101,3212911-03,2026-04-23 22:48:49,BUN,16.52596857,NA,NA,PASS,FALSE,S,feline,NA,NA,NA,NA,NA
S-101,3212911-03,2026-04-23 22:48:49,AST,34.03295792,NA,NA,PASS,FALSE,S,feline,NA,NA,NA,NA,NA
S-101,3212911-03,2026-04-23 22:48:49,CK,349.9946694,63.90361201943245,59.77036564,PASS,FALSE,S,feline,NA,NA,NA,4.443649554151584,66.02941234117321
S-101,3212911-03,2026-04-23 22:48:49,GLU,126.0526728,NA,NA,PASS,FALSE,S,feline,NA,NA,NA,NA,NA
S-101,3212911-03,2026-04-23 22:48:49,ALB,2.081781222,NA,NA,PASS,FALSE,S,feline,NA,NA,NA,NA,NA
S-101,3212911-03,2026-04-23 22:48:49,ALP,46.73908647,NA,NA,PASS,FALSE,S,feline,NA,NA,NA,NA,NA
S-101,3212911-03,2026-04-23 22:48:49,CREA,0.8385621377,NA,NA,PASS,FALSE,S,feline,NA,NA,NA,NA,NA
S-101,3212911-03,2026-04-23 22:48:49,Ca,12.07235023,NA,NA,PASS,FALSE,S,feline,NA,NA,NA,NA,NA
S-101,3212911-03,2026-04-23 22:48:49,Mg,1.524200782,NA,NA,PASS,FALSE,S,feline,NA,NA,NA,NA,NA
S-101,3212911-03,2026-04-23 22:48:49,ALT,72.08843039,NA,NA,PASS,FALSE,S,feline,NA,NA,NA,NA,NA
S-101,3212911-03,2026-04-23 22:48:49,TBIL,0.2080687776,NA,NA,PASS,FALSE,S,feline,NA,NA,NA,NA,NA
S-101,3212911-03,2026-04-23 22:48:49,LAC,2.521949456,NA,NA,PASS,FALSE,S,feline,NA,NA,NA,NA,NA
S-103,3216772-01,2026-04-23 23:25:57,AMY,751.1511866,939.120461763802,907,PASS,FALSE,S,canine,0,0,0,0.8068823003743819,-6.608491916628395
S-103,3216772-01,2026-04-23 23:25:57,CHOL,210.8097473,187.1080227815488,180.16,PASS,FALSE,S,canine,0,0,0,1.1526108146683927,-4.852983269233164
S-103,3216772-01,2026-04-23 23:25:57,TP,6.620307893,6.292012694160311,6.26,PASS,FALSE,S,canine,0,0,0,1.0215531074533013,0.19268277314491566
S-103,3216772-01,2026-04-23 23:25:57,PHOS,2.809887588,3.075328044043953,3.03,PASS,FALSE,S,canine,0,0,0,1.243620294351967,-1.0146527793628
S-103,3216772-01,2026-04-23 23:25:57,TRIG,149.4838976,113.53732600757812,103.1,PASS,FALSE,S,canine,0,0,0,1.6566651059160242,-38.60942861576657
S-103,3216772-01,2026-04-23 23:25:57,BUN,20.60705672,13.729094465244962,14.09,PASS,FALSE,S,canine,0,0,0,1.4556444062305274,0.6223771590556773
S-103,3216772-01,2026-04-23 23:25:57,AST,19.57379984,18.733462150956182,15.1,PASS,FALSE,S,canine,0,0,0,1.0527500542043366,-0.1478534548540118
S-103,3216772-01,2026-04-23 23:25:57,CK,63.23965551,NA,-4.899786062,PASS,FALSE,S,canine,0,0,0,NA,NA
S-103,3216772-01,2026-04-23 23:25:57,GLU,101.9708749,101.87199987720486,102.75,PASS,FALSE,S,canine,0,0,0,1.0318408759591173,-3.1448186890021503
S-103,3216772-01,2026-04-23 23:25:57,ALB,3.149624821,3.757237254682716,3.82,PASS,FALSE,S,canine,0,0,0,0.8662807698293206,-0.10519756041794626
S-103,3216772-01,2026-04-23 23:25:57,ALP,84.36842997,61.82767298927542,59.4,PASS,FALSE,S,canine,0,0,0,1.0463097700634147,19.677531661035232
S-103,3216772-01,2026-04-23 23:25:57,CREA,1.179581359,1.1671395459548854,1.12,PASS,FALSE,S,canine,0,0,0,1.010613970791601,5.382799462660959e-5
S-103,3216772-01,2026-04-23 23:25:57,Ca,14.70796355,10.253852546340637,10.46,PASS,FALSE,S,canine,0,0,0,1.6124902376562238,-1.8262735793406897
S-103,3216772-01,2026-04-23 23:25:57,Mg,2.198723061,2.0056005224816227,1.96,PASS,FALSE,S,canine,0,0,0,1.109707539492933,-0.026906960008822534
S-103,3216772-01,2026-04-23 23:25:57,ALT,69.17667448,28.777698315989113,22.3,PASS,FALSE,S,canine,0,0,0,1.179201132613153,35.241980031786014
S-103,3216772-01,2026-04-23 23:25:57,TBIL,0.2347844658,0.1571266353014018,0.121,PASS,FALSE,S,canine,0,0,0,0.5183781500886099,0.15333345126281167
S-103,3216772-01,2026-04-23 23:25:57,LAC,1.95238031,1.7937727528273895,1.83,PASS,FALSE,S,canine,0,0,0,1.0995168177878338,-0.019902999023293955
S-104,3214194-03,2026-04-23 23:44:51,AMY,816.4238425,989.9034161056476,1001.5,PASS,FALSE,S,feline,1,0,0,0.8230559845073662,1.6779117899612856
S-104,3214194-03,2026-04-23 23:44:51,CHOL,183.8810717,166.93014543805634,173.33,PASS,FALSE,S,feline,1,0,0,1.1309684490517473,-4.911655986061177
S-104,3214194-03,2026-04-23 23:44:51,TP,7.194070618,6.72120985575759,6.6,PASS,FALSE,S,feline,1,0,0,1.029357337815499,0.2755439339780721
S-104,3214194-03,2026-04-23 23:44:51,PHOS,3.234496638,3.1744033716731868,3.21,PASS,FALSE,S,feline,1,0,0,1.0511009346966473,-0.1021217130698755
S-104,3214194-03,2026-04-23 23:44:51,TRIG,388.4355869,262.27497363147324,241.42,PASS,FALSE,S,feline,1,0,0,1.6307165055732793,-39.26054159964
S-104,3214194-03,2026-04-23 23:44:51,BUN,26.33669845,17.946006193407708,17.55,PASS,FALSE,S,feline,1,0,0,1.3761557226956858,1.6401993274097642
S-104,3214194-03,2026-04-23 23:44:51,AST,299.5983266,325.495462378801,332.9,PASS,FALSE,S,feline,1,0,0,0.9146720835251358,1.8767138480046093
S-104,3214194-03,2026-04-23 23:44:51,CK,809.1800584,167.2388060765325,156.6654288,PASS,FALSE,S,feline,1,0,0,4.443649554151584,66.02941234117321
S-104,3214194-03,2026-04-23 23:44:51,GLU,128.2226876,132.62663046549994,132.85,PASS,FALSE,S,feline,1,0,0,0.9309481678047301,4.754168966027813
S-104,3214194-03,2026-04-23 23:44:51,ALB,2.669052656,3.4481198981003023,3.56,PASS,FALSE,S,feline,1,0,0,0.8805165656311053,-0.3670740345595548
S-104,3214194-03,2026-04-23 23:44:51,ALP,23.69885052,4.2757210407158786,49.9,PASS,TRUE,S,feline,1,0,0,1.0208285288709618,19.334072500143392
S-104,3214194-03,2026-04-23 23:44:51,CREA,-3.115263432,NA,0.67,PASS,FALSE,S,feline,1,0,0,NA,NA
S-104,3214194-03,2026-04-23 23:44:51,Ca,10.95126253,8.114379293120775,8.18,PASS,FALSE,S,feline,1,0,0,1.4989912987841354,-1.2121214254222057
S-104,3214194-03,2026-04-23 23:44:51,Mg,2.947308697,2.751799659870732,2.66,PASS,FALSE,S,feline,1,0,0,1.0582729654166796,0.035153510715990155
S-104,3214194-03,2026-04-23 23:44:51,ALT,427.512025,368.20235234467344,351.6,PASS,FALSE,S,feline,1,0,0,1.0556743825534889,38.81023403379468
S-104,3214194-03,2026-04-23 23:44:51,TBIL,1.239158911,1.6254736771068123,1.531,PASS,FALSE,S,feline,1,0,0,0.6992320153380858,0.10257567587759489
S-104,3214194-03,2026-04-23 23:44:51,LAC,3.174630049,3.011002323876752,2.97,PASS,FALSE,S,feline,1,0,0,1.0485360511543997,0.01748556230554943
S-106,3204651-04,2026-04-24 0:14:49,AMY,469.5084375,568.4066874139249,602.8,PASS,FALSE,S,feline,0,0,0,0.8230559845073662,1.6779117899612856
S-106,3204651-04,2026-04-24 0:14:49,CHOL,183.399842,166.5046431170999,162.57,PASS,FALSE,S,feline,0,0,0,1.1309684490517473,-4.911655986061177
S-106,3204651-04,2026-04-24 0:14:49,TP,6.842469415,6.379636341795794,6.43,PASS,FALSE,S,feline,0,0,0,1.029357337815499,0.2755439339780721
S-106,3204651-04,2026-04-24 0:14:49,PHOS,6.921356682,6.682020882320768,6.34,PASS,FALSE,S,feline,0,0,0,1.0511009346966473,-0.1021217130698755
S-106,3204651-04,2026-04-24 0:14:49,TRIG,28.85593662,41.770889045912746,47.63,PASS,FALSE,S,feline,0,0,0,1.6307165055732793,-39.26054159964
S-106,3204651-04,2026-04-24 0:14:49,BUN,38.53290853,26.808527984262472,26.81,PASS,FALSE,S,feline,0,0,0,1.3761557226956858,1.6401993274097642
S-106,3204651-04,2026-04-24 0:14:49,AST,27.41299798,27.918512647263533,30.3,PASS,FALSE,S,feline,0,0,0,0.9146720835251358,1.8767138480046093
S-106,3204651-04,2026-04-24 0:14:49,CK,96.99095295,6.9675927931581,7.998696761,PASS,FALSE,S,feline,0,0,0,4.443649554151584,66.02941234117321
S-106,3204651-04,2026-04-24 0:14:49,GLU,105.8561385,108.60107257354709,110.45,PASS,FALSE,S,feline,0,0,0,0.9309481678047301,4.754168966027813
S-106,3204651-04,2026-04-24 0:14:49,ALB,2.560462112,3.3247939457689366,3.48,PASS,FALSE,S,feline,0,0,0,0.8805165656311053,-0.3670740345595548
S-106,3204651-04,2026-04-24 0:14:49,ALP,34.49652289,14.853082531525944,14.9,PASS,FALSE,S,feline,0,0,0,1.0208285288709618,19.334072500143392
S-106,3204651-04,2026-04-24 0:14:49,CREA,0.5234445459,0.5173965003381544,0.49,PASS,FALSE,S,feline,0,0,0,1.0333263809949713,-0.011194907333888615
S-106,3204651-04,2026-04-24 0:14:49,Ca,12.12077833,8.894581153497564,9.26,PASS,FALSE,S,feline,0,0,0,1.4989912987841354,-1.2121214254222057
S-106,3204651-04,2026-04-24 0:14:49,Mg,2.259103835,2.1014902553126844,2.04,PASS,FALSE,S,feline,0,0,0,1.0582729654166796,0.035153510715990155
S-106,3204651-04,2026-04-24 0:14:49,ALT,134.5036126,90.64668059363156,98,PASS,FALSE,S,feline,0,0,0,1.0556743825534889,38.81023403379468
S-106,3204651-04,2026-04-24 0:14:49,TBIL,0.2381259277,0.19385590025774946,0.104,PASS,FALSE,S,feline,0,0,0,0.6992320153380858,0.10257567587759489
S-106,3204651-04,2026-04-24 0:14:49,LAC,2.382282893,2.2553324018672467,2.23,PASS,FALSE,S,feline,0,0,0,1.0485360511543997,0.01748556230554943
S-108,3217210-01,2026-04-24 0:41:40,AMY,705.5122115,855.1475391206995,897.2,PASS,FALSE,S,feline,9,9,2009,0.8230559845073662,1.6779117899612856
S-108,3217210-01,2026-04-24 0:41:40,CHOL,105.726586,97.82610830463489,100.46,PASS,FALSE,S,feline,9,9,2009,1.1309684490517473,-4.911655986061177
S-108,3217210-01,2026-04-24 0:41:40,TP,7.316716258,6.840357634176578,6.78,PASS,FALSE,S,feline,9,9,2009,1.029357337815499,0.2755439339780721
S-108,3217210-01,2026-04-24 0:41:40,PHOS,21.5568037,20.605942491451348,21.76,PASS,FALSE,S,feline,9,9,2009,1.0511009346966473,-0.1021217130698755
S-108,3217210-01,2026-04-24 0:41:40,TRIG,231.0097039,165.73711284330585,148.48,PASS,FALSE,S,feline,9,9,2009,1.6307165055732793,-39.26054159964
S-108,3217210-01,2026-04-24 0:41:40,BUN,177.8424436,128.03946629487254,144.9,PASS,FALSE,S,feline,9,9,2009,1.3761557226956858,1.6401993274097642
S-108,3217210-01,2026-04-24 0:41:40,AST,152.8623834,165.07081857150195,152.7,PASS,FALSE,S,feline,9,9,2009,0.9146720835251358,1.8767138480046093
S-108,3217210-01,2026-04-24 0:41:40,CK,0,NA,0,PASS,TRUE,S,feline,9,9,2009,NA,NA
S-108,3217210-01,2026-04-24 0:41:40,GLU,123.3946886,127.44052111272588,127.95,PASS,FALSE,S,feline,9,9,2009,0.9309481678047301,4.754168966027813
S-108,3217210-01,2026-04-24 0:41:40,ALB,2.613584517,3.3851249004306747,3.39,PASS,FALSE,S,feline,9,9,2009,0.8805165656311053,-0.3670740345595548
S-108,3217210-01,2026-04-24 0:41:40,ALP,38.56850346,18.841980230636704,17.5,PASS,FALSE,S,feline,9,9,2009,1.0208285288709618,19.334072500143392
S-108,3217210-01,2026-04-24 0:41:40,CREA,10.4424882,10.11653558797969,10.08,PASS,FALSE,S,feline,9,9,2009,1.0333263809949713,-0.011194907333888615
S-108,3217210-01,2026-04-24 0:41:40,Ca,8.77839705,6.664827530036855,6.76,PASS,FALSE,S,feline,9,9,2009,1.4989912987841354,-1.2121214254222057
S-108,3217210-01,2026-04-24 0:41:40,Mg,6.282706313,5.903536239182041,6.05,PASS,FALSE,S,feline,9,9,2009,1.0582729654166796,0.035153510715990155
S-108,3217210-01,2026-04-24 0:41:40,ALT,75.63729065,34.88486338668862,26.6,PASS,FALSE,S,feline,9,9,2009,1.0556743825534889,38.81023403379468
S-108,3217210-01,2026-04-24 0:41:40,TBIL,0.3159610857,0.3051711093623639,0.259,PASS,FALSE,S,feline,9,9,2009,0.6992320153380858,0.10257567587759489
S-108,3217210-01,2026-04-24 0:41:40,LAC,0.8670430728,0.8102320464414351,0.84,PASS,FALSE,S,feline,9,9,2009,1.0485360511543997,0.01748556230554943
S-111,3199469-04,2026-04-24 1:36:37,AMY,955.7878283,1159.2284540414512,1087.6,PASS,FALSE,S,feline,0,0,0,0.8230559845073662,1.6779117899612856
S-111,3199469-04,2026-04-24 1:36:37,CHOL,77.60057107,72.95714316809013,69.27,PASS,FALSE,S,feline,0,0,0,1.1309684490517473,-4.911655986061177
S-111,3199469-04,2026-04-24 1:36:37,TP,8.953630898,8.4305873628283,8.27,PASS,FALSE,S,feline,0,0,0,1.029357337815499,0.2755439339780721
S-111,3199469-04,2026-04-24 1:36:37,PHOS,5.47014373,5.301360943683356,5.03,PASS,FALSE,S,feline,0,0,0,1.0511009346966473,-0.1021217130698755
S-111,3199469-04,2026-04-24 1:36:37,TRIG,12.40214575,31.68097408290962,19.01,PASS,FALSE,S,feline,0,0,0,1.6307165055732793,-39.26054159964
S-111,3199469-04,2026-04-24 1:36:37,BUN,29.79320731,20.457719659402102,20.44,PASS,FALSE,S,feline,0,0,0,1.3761557226956858,1.6401993274097642
S-111,3199469-04,2026-04-24 1:36:37,AST,19.4017962,19.159961988184794,17,PASS,FALSE,S,feline,0,0,0,0.9146720835251358,1.8767138480046093
S-111,3199469-04,2026-04-24 1:36:37,CK,112.1483405,10.37861505431703,8.67641875,PASS,FALSE,S,feline,0,0,0,4.443649554151584,66.02941234117321
S-111,3199469-04,2026-04-24 1:36:37,GLU,135.7619963,140.7251572801329,139.15,PASS,FALSE,S,feline,0,0,0,0.9309481678047301,4.754168966027813
S-111,3199469-04,2026-04-24 1:36:37,ALB,0.6442936339,1.148607201654023,3.26,PASS,TRUE,S,feline,0,0,0,0.8805165656311053,-0.3670740345595548
S-111,3199469-04,2026-04-24 1:36:37,ALP,37.95491286,18.24090905889091,14.8,PASS,FALSE,S,feline,0,0,0,1.0208285288709618,19.334072500143392
S-111,3199469-04,2026-04-24 1:36:37,CREA,1.651617689,1.609184307026785,1.52,PASS,FALSE,S,feline,0,0,0,1.0333263809949713,-0.011194907333888615
S-111,3199469-04,2026-04-24 1:36:37,Ca,11.44979951,8.446960930121854,8.56,PASS,FALSE,S,feline,0,0,0,1.4989912987841354,-1.2121214254222057
S-111,3199469-04,2026-04-24 1:36:37,Mg,2.491857149,2.3214271918178677,2.33,PASS,FALSE,S,feline,0,0,0,1.0582729654166796,0.035153510715990155
S-111,3199469-04,2026-04-24 1:36:37,ALT,74.05192448,33.38310659861038,29.2,PASS,FALSE,S,feline,0,0,0,1.0556743825534889,38.81023403379468
S-111,3199469-04,2026-04-24 1:36:37,TBIL,0.574094843,0.6743386412225717,0.484,PASS,FALSE,S,feline,0,0,0,0.6992320153380858,0.10257567587759489
S-111,3199469-04,2026-04-24 1:36:37,LAC,1.646108906,1.553235429436495,1.53,PASS,FALSE,S,feline,0,0,0,1.0485360511543997,0.01748556230554943
S-115,3219272-04,2026-04-24 12:48:31,AMY,511.9125643,619.9270306204453,665.3,PASS,FALSE,S,feline,0,0,0,0.8230559845073662,1.6779117899612856
S-115,3219272-04,2026-04-24 12:48:31,CHOL,89.56499695,83.53606417161723,85.26,PASS,FALSE,S,feline,0,0,0,1.1309684490517473,-4.911655986061177
S-115,3219272-04,2026-04-24 12:48:31,TP,6.12428417,5.681933786409021,5.51,PASS,FALSE,S,feline,0,0,0,1.029357337815499,0.2755439339780721
S-115,3219272-04,2026-04-24 12:48:31,PHOS,3.675169537,3.593652260579541,3.86,PASS,FALSE,S,feline,0,0,0,1.0511009346966473,-0.1021217130698755
S-115,3219272-04,2026-04-24 12:48:31,TRIG,16.96143935,34.47685772327124,37.73,PASS,FALSE,S,feline,0,0,0,1.6307165055732793,-39.26054159964
S-115,3219272-04,2026-04-24 12:48:31,BUN,29.53659917,20.271252288182406,20.84,PASS,FALSE,S,feline,0,0,0,1.3761557226956858,1.6401993274097642
S-115,3219272-04,2026-04-24 12:48:31,AST,20.30118846,20.143256740697357,19.8,PASS,FALSE,S,feline,0,0,0,0.9146720835251358,1.8767138480046093
S-115,3219272-04,2026-04-24 12:48:31,CK,103.716387,8.481086143171854,8.354315976,PASS,FALSE,S,feline,0,0,0,4.443649554151584,66.02941234117321
S-115,3219272-04,2026-04-24 12:48:31,GLU,84.58510036,85.75228369826603,87.04,PASS,FALSE,S,feline,0,0,0,0.9309481678047301,4.754168966027813
S-115,3219272-04,2026-04-24 12:48:31,ALB,1.942623883,2.623116938071565,2.61,PASS,FALSE,S,feline,0,0,0,0.8805165656311053,-0.3670740345595548
S-115,3219272-04,2026-04-24 12:48:31,ALP,23.8655349,4.439004467154159,15.9,PASS,FALSE,S,feline,0,0,0,1.0208285288709618,19.334072500143392
S-115,3219272-04,2026-04-24 12:48:31,CREA,-2.900851497,NA,0.95,PASS,FALSE,S,feline,0,0,0,NA,NA
S-115,3219272-04,2026-04-24 12:48:31,Ca,10.77278967,7.995317321150182,7.91,PASS,FALSE,S,feline,0,0,0,1.4989912987841354,-1.2121214254222057
S-115,3219272-04,2026-04-24 12:48:31,Mg,2.097650769,1.948927474937368,2,PASS,FALSE,S,feline,0,0,0,1.0582729654166796,0.035153510715990155
S-115,3219272-04,2026-04-24 12:48:31,ALT,56.32239459,16.58860046773752,16,PASS,FALSE,S,feline,0,0,0,1.0556743825534889,38.81023403379468
S-115,3219272-04,2026-04-24 12:48:31,TBIL,0.1915266665,0.12721241114710172,0.07,PASS,FALSE,S,feline,0,0,0,0.6992320153380858,0.10257567587759489
S-115,3219272-04,2026-04-24 12:48:31,LAC,1.956335787,1.849102110089441,1.82,PASS,FALSE,S,feline,0,0,0,1.0485360511543997,0.01748556230554943
S-124,3209784-03,2026-04-24 16:00:22,AMY,819.2418298,993.3272260931136,983.8,PASS,FALSE,S,feline,0,0,0,0.8230559845073662,1.6779117899612856
S-124,3209784-03,2026-04-24 16:00:22,CHOL,107.7800709,99.64179547232001,100.2,PASS,FALSE,S,feline,0,0,0,1.1309684490517473,-4.911655986061177
S-124,3209784-03,2026-04-24 16:00:22,TP,8.001046384,7.505170620745737,7.51,PASS,FALSE,S,feline,0,0,0,1.029357337815499,0.2755439339780721
S-124,3209784-03,2026-04-24 16:00:22,PHOS,7.632473529,7.358565658874727,6.92,PASS,FALSE,S,feline,0,0,0,1.0511009346966473,-0.1021217130698755
S-124,3209784-03,2026-04-24 16:00:22,TRIG,-2.862818754,NA,27.11,PASS,FALSE,S,feline,0,0,0,NA,NA
S-124,3209784-03,2026-04-24 16:00:22,BUN,30.09760626,20.678914793775213,20.01,PASS,FALSE,S,feline,0,0,0,1.3761557226956858,1.6401993274097642
S-124,3209784-03,2026-04-24 16:00:22,AST,251.6396576,273.0628257390472,265.5,PASS,FALSE,S,feline,0,0,0,0.9146720835251358,1.8767138480046093
S-124,3209784-03,2026-04-24 16:00:22,CK,234.4865316,37.90963198289158,39.18497226,PASS,FALSE,S,feline,0,0,0,4.443649554151584,66.02941234117321
S-124,3209784-03,2026-04-24 16:00:22,GLU,87.04565976,88.39535179281124,90,PASS,FALSE,S,feline,0,0,0,0.9309481678047301,4.754168966027813
S-124,3209784-03,2026-04-24 16:00:22,ALB,1.174676093,1.7509609560321153,3.32,PASS,TRUE,S,feline,0,0,0,0.8805165656311053,-0.3670740345595548
S-124,3209784-03,2026-04-24 16:00:22,ALP,156.4487465,134.31704749817848,134.5,PASS,FALSE,S,feline,0,0,0,1.0208285288709618,19.334072500143392
S-124,3209784-03,2026-04-24 16:00:22,CREA,1.104006025,1.079233969871244,1.03,PASS,FALSE,S,feline,0,0,0,1.0333263809949713,-0.011194907333888615
S-124,3209784-03,2026-04-24 16:00:22,Ca,13.15817994,9.586647619021052,9.19,PASS,FALSE,S,feline,0,0,0,1.4989912987841354,-1.2121214254222057
S-124,3209784-03,2026-04-24 16:00:22,Mg,2.212265401,2.057230942705603,2.02,PASS,FALSE,S,feline,0,0,0,1.0582729654166796,0.035153510715990155
S-124,3209784-03,2026-04-24 16:00:22,ALT,506.8657215,443.371076537883,392.3,PASS,FALSE,S,feline,0,0,0,1.0556743825534889,38.81023403379468
S-124,3209784-03,2026-04-24 16:00:22,TBIL,0.2282647439,0.17975302226634057,0.164,PASS,FALSE,S,feline,0,0,0,0.6992320153380858,0.10257567587759489
S-124,3209784-03,2026-04-24 16:00:22,LAC,5.485335207,5.214746444506652,5.09,PASS,FALSE,S,feline,0,0,0,1.0485360511543997,0.01748556230554943
S-125,3201627-01,2026-04-24 16:18:37,AMY,643.382787,805.5589751008811,566.7,PASS,FALSE,S,canine,1,0,0,0.8068823003743819,-6.608491916628395
S-125,3201627-01,2026-04-24 16:18:37,CHOL,309.7474756,NA,NA,PASS,FALSE,S,canine,1,0,0,NA,NA
S-125,3201627-01,2026-04-24 16:18:37,TP,7.094057872,NA,NA,PASS,FALSE,S,canine,1,0,0,NA,NA
S-125,3201627-01,2026-04-24 16:18:37,PHOS,4.228638591,4.216151339903154,3.67,PASS,FALSE,S,canine,1,0,0,1.243620294351967,-1.0146527793628
S-125,3201627-01,2026-04-24 16:18:37,TRIG,370.3652821,NA,NA,PASS,FALSE,S,canine,1,0,0,NA,NA
S-125,3201627-01,2026-04-24 16:18:37,BUN,30.96120012,NA,NA,PASS,FALSE,S,canine,1,0,0,NA,NA
S-125,3201627-01,2026-04-24 16:18:37,AST,23.66289639,NA,NA,PASS,FALSE,S,canine,1,0,0,NA,NA
S-125,3201627-01,2026-04-24 16:18:37,CK,115.0384787,13.095450991651756,8.087066986,PASS,FALSE,S,canine,1,0,0,5.148580565404912,47.615494229169286
S-125,3201627-01,2026-04-24 16:18:37,GLU,91.52088706,NA,NA,PASS,FALSE,S,canine,1,0,0,NA,NA
S-125,3201627-01,2026-04-24 16:18:37,ALB,2.799256367,3.352785873326263,3.27,PASS,FALSE,S,canine,1,0,0,0.8662807698293206,-0.10519756041794626
S-125,3201627-01,2026-04-24 16:18:37,ALP,2901.726738,2754.489434007951,2516.8,PASS,FALSE,S,canine,1,0,0,1.0463097700634147,19.677531661035232
S-125,3201627-01,2026-04-24 16:18:37,CREA,0.4575920182,NA,NA,PASS,FALSE,S,canine,1,0,0,NA,NA
S-125,3201627-01,2026-04-24 16:18:37,Ca,15.58925988,10.80039621489703,10.17,PASS,FALSE,S,canine,1,0,0,1.6124902376562238,-1.8262735793406897
S-125,3201627-01,2026-04-24 16:18:37,Mg,1.888041738,1.7256336736108278,1.73,PASS,FALSE,S,canine,1,0,0,1.109707539492933,-0.026906960008822534
S-125,3201627-01,2026-04-24 16:18:37,ALT,208.1203611,NA,NA,PASS,FALSE,S,canine,1,0,0,NA,NA
S-125,3201627-01,2026-04-24 16:18:37,TBIL,0.2468859551,NA,NA,PASS,FALSE,S,canine,1,0,0,NA,NA
S-125,3201627-01,2026-04-24 16:18:37,LAC,3.835482251,3.5064359068014195,3.52,PASS,FALSE,S,canine,1,0,0,1.0995168177878338,-0.019902999023293955
S-130,3198351-01,2026-04-24 18:09:06,AMY,1227.825425,1489.749830254791,2.6,PASS,TRUE,S,feline,0,0,0,0.8230559845073662,1.6779117899612856
S-130,3198351-01,2026-04-24 18:09:06,CHOL,215.1044657,194.53780684203187,193.58,PASS,FALSE,S,feline,0,0,0,1.1309684490517473,-4.911655986061177
S-130,3198351-01,2026-04-24 18:09:06,TP,5.648037526,5.219269727482032,5.08,PASS,FALSE,S,feline,0,0,0,1.029357337815499,0.2755439339780721
S-130,3198351-01,2026-04-24 18:09:06,PHOS,16.65676013,15.944122291078129,15.96,PASS,FALSE,S,feline,0,0,0,1.0511009346966473,-0.1021217130698755
S-130,3198351-01,2026-04-24 18:09:06,TRIG,218.1022683,157.82192000881477,134.76,PASS,FALSE,S,feline,0,0,0,1.6307165055732793,-39.26054159964
S-130,3198351-01,2026-04-24 18:09:06,BUN,137.5723344,98.776710244912735,92.39,PASS,FALSE,S,feline,0,0,0,1.3761557226956858,1.6401993274097642
S-130,3198351-01,2026-04-24 18:09:06,AST,32.42814929,33.4015173221976,34.9,PASS,FALSE,S,feline,0,0,0,0.9146720835251358,1.8767138480046093
S-130,3198351-01,2026-04-24 18:09:06,CK,266.6877956,45.15621243609478,46.56332778,PASS,FALSE,S,feline,0,0,0,4.443649554151584,66.02941234117321
S-130,3198351-01,2026-04-24 18:09:06,GLU,79.77018341,80.58022673901118,78,PASS,FALSE,S,feline,0,0,0,0.9309481678047301,4.754168966027813
S-130,3198351-01,2026-04-24 18:09:06,ALB,1.472071873,2.08871244374756,1.85,PASS,FALSE,S,feline,0,0,0,0.8805165656311053,-0.3670740345595548
S-130,3198351-01,2026-04-24 18:09:06,ALP,29.02113331,9.48941035236399,7.6,PASS,FALSE,S,feline,0,0,0,1.0208285288709618,19.334072500143392
S-130,3198351-01,2026-04-24 18:09:06,CREA,3.841729233,3.7286613515315246,3.65,PASS,FALSE,S,feline,0,0,0,1.0333263809949713,-0.011194907333888615
S-130,3198351-01,2026-04-24 18:09:06,Ca,9.961056464,7.453797696147412,2.6,PASS,TRUE,S,feline,0,0,0,1.4989912987841354,-1.2121214254222057
S-130,3198351-01,2026-04-24 18:09:06,Mg,3.902590139,3.654479283387215,3.67,PASS,FALSE,S,feline,0,0,0,1.0582729654166796,0.035153510715990155
S-130,3198351-01,2026-04-24 18:09:06,ALT,75.99189955,35.22077084628072,30.4,PASS,FALSE,S,feline,0,0,0,1.0556743825534889,38.81023403379468
S-130,3198351-01,2026-04-24 18:09:06,TBIL,0.2181441448,0.1652791439569977,0.085,PASS,FALSE,S,feline,0,0,0,0.6992320153380858,0.10257567587759489
S-130,3198351-01,2026-04-24 18:09:06,LAC,1.543883623,1.4557420882323906,1.4,PASS,FALSE,S,feline,0,0,0,1.0485360511543997,0.01748556230554943
S-132,3226477-04,2026-04-24 19:46:46,AMY,609.217946,738.1515299638786,797.8,PASS,FALSE,S,feline,0,0,0,0.8230559845073662,1.6779117899612856
S-132,3226477-04,2026-04-24 19:46:46,CHOL,146.3822234,133.7737401188446,132.91,PASS,FALSE,S,feline,0,0,0,1.1309684490517473,-4.911655986061177
S-132,3226477-04,2026-04-24 19:46:46,TP,6.80331487,6.341598486950272,6.23,PASS,FALSE,S,feline,0,0,0,1.029357337815499,0.2755439339780721
S-132,3226477-04,2026-04-24 19:46:46,PHOS,4.616137468,4.48887354707908,4.5,PASS,FALSE,S,feline,0,0,0,1.0511009346966473,-0.1021217130698755
S-132,3226477-04,2026-04-24 19:46:46,TRIG,6.915603053,28.316475914007352,30.39,PASS,FALSE,S,feline,0,0,0,1.6307165055732793,-39.26054159964
S-132,3226477-04,2026-04-24 19:46:46,BUN,25.12618532,17.066372362703735,17.42,PASS,FALSE,S,feline,0,0,0,1.3761557226956858,1.6401993274097642
S-132,3226477-04,2026-04-24 19:46:46,AST,41.13917094,42.92517263747497,41.7,PASS,FALSE,S,feline,0,0,0,0.9146720835251358,1.8767138480046093
S-132,3226477-04,2026-04-24 19:46:46,CK,750.8829495,154.11961020170602,148.8133531,PASS,FALSE,S,feline,0,0,0,4.443649554151584,66.02941234117321
S-132,3226477-04,2026-04-24 19:46:46,GLU,112.7194208,115.97342963632997,113.18,PASS,FALSE,S,feline,0,0,0,0.9309481678047301,4.754168966027813
S-132,3226477-04,2026-04-24 19:46:46,ALB,1.827506346,2.492378299534435,2.7,PASS,FALSE,S,feline,0,0,0,0.8805165656311053,-0.3670740345595548
S-132,3226477-04,2026-04-24 19:46:46,ALP,64.98692441,44.72137153175837,42.1,PASS,FALSE,S,feline,0,0,0,1.0208285288709618,19.334072500143392
S-132,3226477-04,2026-04-24 19:46:46,CREA,0.9900617211,0.9689645467773664,0.96,PASS,FALSE,S,feline,0,0,0,1.0333263809949713,-0.011194907333888615
S-132,3226477-04,2026-04-24 19:46:46,Ca,11.37704234,8.398423510285584,8.52,PASS,FALSE,S,feline,0,0,0,1.4989912987841354,-1.2121214254222057
S-132,3226477-04,2026-04-24 19:46:46,Mg,2.367164956,2.203601075990649,2.2,PASS,FALSE,S,feline,0,0,0,1.0582729654166796,0.035153510715990155
S-132,3226477-04,2026-04-24 19:46:46,ALT,93.90964836,52.19356956728421,62.6,PASS,FALSE,S,feline,0,0,0,1.0556743825534889,38.81023403379468
S-132,3226477-04,2026-04-24 19:46:46,TBIL,0.265255354,0.23265479061874453,0.23,PASS,FALSE,S,feline,0,0,0,0.6992320153380858,0.10257567587759489
S-132,3226477-04,2026-04-24 19:46:46,LAC,2.192256525,2.074102230724549,2,PASS,FALSE,S,feline,0,0,0,1.0485360511543997,0.01748556230554943
S-135,3221788-03,2026-04-24 20:33:16,AMY,497.7679209,602.7415126651069,626.4,PASS,FALSE,S,feline,2,0,0,0.8230559845073662,1.6779117899612856
S-135,3221788-03,2026-04-24 20:33:16,CHOL,170.0260003,154.67951951509914,158.56,PASS,FALSE,S,feline,2,0,0,1.1309684490517473,-4.911655986061177
S-135,3221788-03,2026-04-24 20:33:16,TP,6.579394349,6.124064193684142,6.4,PASS,FALSE,S,feline,2,0,0,1.029357337815499,0.2755439339780721
S-135,3221788-03,2026-04-24 20:33:16,PHOS,7.417522155,7.154064485957365,6.63,PASS,FALSE,S,feline,2,0,0,1.0511009346966473,-0.1021217130698755
S-135,3221788-03,2026-04-24 20:33:16,TRIG,169.2268278,127.85016199142851,154.79,PASS,FALSE,S,feline,2,0,0,1.6307165055732793,-39.26054159964
S-135,3221788-03,2026-04-24 20:33:16,BUN,61.95772015,43.83044725813233,43.3,PASS,FALSE,S,feline,2,0,0,1.3761557226956858,1.6401993274097642
S-135,3221788-03,2026-04-24 20:33:16,AST,20.9034579,20.80171068375295,18.7,PASS,FALSE,S,feline,2,0,0,0.9146720835251358,1.8767138480046093
S-135,3221788-03,2026-04-24 20:33:16,CK,88.86883626,5.139789634735825,5.046582391,PASS,FALSE,S,feline,2,0,0,4.443649554151584,66.02941234117321
S-135,3221788-03,2026-04-24 20:33:16,GLU,252.6323934,266.26425939318847,261.52,PASS,FALSE,S,feline,2,0,0,0.9309481678047301,4.754168966027813
S-135,3221788-03,2026-04-24 20:33:16,ALB,2.444800223,3.1934370883120864,3.28,PASS,FALSE,S,feline,2,0,0,0.8805165656311053,-0.3670740345595548
S-135,3221788-03,2026-04-24 20:33:16,ALP,60.41271421,NA,NA,PASS,FALSE,S,feline,2,0,0,NA,NA
S-135,3221788-03,2026-04-24 20:33:16,CREA,1.538250581,1.4994734643684946,1.56,PASS,FALSE,S,feline,2,0,0,1.0333263809949713,-0.011194907333888615
S-135,3221788-03,2026-04-24 20:33:16,Ca,12.24878587,8.979976939386267,9.2,PASS,FALSE,S,feline,2,0,0,1.4989912987841354,-1.2121214254222057
S-135,3221788-03,2026-04-24 20:33:16,Mg,2.145493389,1.994135678835086,2.08,PASS,FALSE,S,feline,2,0,0,1.0582729654166796,0.035153510715990155
S-135,3221788-03,2026-04-24 20:33:16,ALT,80.56131653,39.54920493118045,40.6,PASS,FALSE,S,feline,2,0,0,1.0556743825534889,38.81023403379468
S-135,3221788-03,2026-04-24 20:33:16,TBIL,0.3013611301,0.284291122062382,0.349,PASS,FALSE,S,feline,2,0,0,0.6992320153380858,0.10257567587759489
S-135,3221788-03,2026-04-24 20:33:16,LAC,5.097570929,4.844931522479807,4.82,PASS,FALSE,S,feline,2,0,0,1.0485360511543997,0.01748556230554943
S-137,3217323-01,2026-04-24 21:17:32,AMY,1094.783289,1328.1057398110147,1296.9,PASS,FALSE,S,feline,1,0,0,0.8230559845073662,1.6779117899612856
S-137,3217323-01,2026-04-24 21:17:32,CHOL,251.0113602,226.28660985250127,220.91,PASS,FALSE,S,feline,1,0,0,1.1309684490517473,-4.911655986061177
S-137,3217323-01,2026-04-24 21:17:32,TP,5.72394378,5.2930111302111245,5.55,PASS,FALSE,S,feline,1,0,0,1.029357337815499,0.2755439339780721
S-137,3217323-01,2026-04-24 21:17:32,PHOS,4.797744414,4.661651384111841,4.65,PASS,FALSE,S,feline,1,0,0,1.0511009346966473,-0.1021217130698755
S-137,3217323-01,2026-04-24 21:17:32,TRIG,287.3990879,200.31662669950265,189.71,PASS,FALSE,S,feline,1,0,0,1.6307165055732793,-39.26054159964
S-137,3217323-01,2026-04-24 21:17:32,BUN,27.9068955,19.08700864255221,18.76,PASS,FALSE,S,feline,1,0,0,1.3761557226956858,1.6401993274097642
S-137,3217323-01,2026-04-24 21:17:32,AST,18.44869121,18.117943753270765,20.2,PASS,FALSE,S,feline,1,0,0,0.9146720835251358,1.8767138480046093
S-137,3217323-01,2026-04-24 21:17:32,CK,112.8809177,10.543474409464775,10.61250884,PASS,FALSE,S,feline,1,0,0,4.443649554151584,66.02941234117321
S-137,3217323-01,2026-04-24 21:17:32,GLU,165.4488873,172.6140336179044,169.66,PASS,FALSE,S,feline,1,0,0,0.9309481678047301,4.754168966027813
S-137,3217323-01,2026-04-24 21:17:32,ALB,2.181557534,2.894473162731286,2.96,PASS,FALSE,S,feline,1,0,0,0.8805165656311053,-0.3670740345595548
S-137,3217323-01,2026-04-24 21:17:32,ALP,38.87187059,NA,NA,PASS,FALSE,S,feline,1,0,0,NA,NA
S-137,3217323-01,2026-04-24 21:17:32,CREA,1.177034435,1.149907100203678,1.15,PASS,FALSE,S,feline,1,0,0,1.0333263809949713,-0.011194907333888615
S-137,3217323-01,2026-04-24 21:17:32,Ca,12.08689451,8.871976739430929,9.12,PASS,FALSE,S,feline,1,0,0,1.4989912987841354,-1.2121214254222057
S-137,3217323-01,2026-04-24 21:17:32,Mg,2.072414026,1.9250803732682222,1.96,PASS,FALSE,S,feline,1,0,0,1.0582729654166796,0.035153510715990155
S-137,3217323-01,2026-04-24 21:17:32,ALT,88.68830978,47.24759506388619,55.2,PASS,FALSE,S,feline,1,0,0,1.0556743825534889,38.81023403379468
S-137,3217323-01,2026-04-24 21:17:32,TBIL,0.1909276644,0.12635575400489354,0.135,PASS,FALSE,S,feline,1,0,0,0.6992320153380858,0.10257567587759489
S-137,3217323-01,2026-04-24 21:17:32,LAC,1.60090048,1.5101196720429104,1.5,PASS,FALSE,S,feline,1,0,0,1.0485360511543997,0.01748556230554943
S-90,3203329-02,2026-04-23 16:33:54,AMY,554.5783452,695.5002444052195,589.9,PASS,FALSE,S,canine,0,0,0,0.8068823003743819,-6.608491916628395
S-90,3203329-02,2026-04-23 16:33:54,CHOL,258.1649568,228.19319125068571,227.84,PASS,FALSE,S,canine,0,0,0,1.1526108146683927,-4.852983269233164
S-90,3203329-02,2026-04-23 16:33:54,TP,7.041548444,6.704365755324345,6.79,PASS,FALSE,S,canine,0,0,0,1.0215531074533013,0.19268277314491566
S-90,3203329-02,2026-04-23 16:33:54,PHOS,4.146631208,4.1502088787094555,3.98,PASS,FALSE,S,canine,0,0,0,1.243620294351967,-1.0146527793628
S-90,3203329-02,2026-04-23 16:33:54,TRIG,98.74446017,82.90987013323922,82.34,PASS,FALSE,S,canine,0,0,0,1.6566651059160242,-38.60942861576657
S-90,3203329-02,2026-04-23 16:33:54,BUN,25.87790144,17.350064461378253,17.05,PASS,FALSE,S,canine,0,0,0,1.4556444062305274,0.6223771590556773
S-90,3203329-02,2026-04-23 16:33:54,AST,25.48659747,24.349987751108124,18.8,PASS,FALSE,S,canine,0,0,0,1.0527500542043366,-0.1478534548540118
S-90,3203329-02,2026-04-23 16:33:54,CK,42.16904687,NA,-8.349443363,PASS,FALSE,S,canine,0,0,0,NA,NA
S-90,3203329-02,2026-04-23 16:33:54,GLU,105.192369,104.99408408132747,98.09,PASS,FALSE,S,canine,0,0,0,1.0318408759591173,-3.1448186890021503
S-90,3203329-02,2026-04-23 16:33:54,ALB,3.137200967,3.742895652707126,3.81,PASS,FALSE,S,canine,0,0,0,0.8662807698293206,-0.10519756041794626
S-90,3203329-02,2026-04-23 16:33:54,ALP,787.2536644,733.6031400074221,696,PASS,FALSE,S,canine,0,0,0,1.0463097700634147,19.677531661035232
S-90,3203329-02,2026-04-23 16:33:54,CREA,0.7104098947,0.702895553827502,0.68,PASS,FALSE,S,canine,0,0,0,1.010613970791601,5.382799462660959e-5
S-90,3203329-02,2026-04-23 16:33:54,Ca,14.07235834,9.85967638628905,10.07,PASS,FALSE,S,canine,0,0,0,1.6124902376562238,-1.8262735793406897
S-90,3203329-02,2026-04-23 16:33:54,Mg,2.585429192,2.3540762399456137,2.3,PASS,FALSE,S,canine,0,0,0,1.109707539492933,-0.026906960008822534
S-90,3203329-02,2026-04-23 16:33:54,ALT,109.2210418,62.736593208890206,75.5,PASS,FALSE,S,canine,0,0,0,1.179201132613153,35.241980031786014
S-90,3203329-02,2026-04-23 16:33:54,TBIL,0.2222274979,0.13290306820496156,0.159,PASS,FALSE,S,canine,0,0,0,0.5183781500886099,0.15333345126281167
S-90,3203329-02,2026-04-23 16:33:54,LAC,1.641139833,1.510702524191689,1.52,PASS,FALSE,S,canine,0,0,0,1.0995168177878338,-0.019902999023293955
S-91,3196090-03,2026-04-23 17:01:42,AMY,494.3188186,620.8183154893908,550.3,PASS,FALSE,S,canine,0,0,0,0.8068823003743819,-6.608491916628395
S-91,3196090-03,2026-04-23 17:01:42,CHOL,470.5499274,412.4574441078857,261.49,PASS,TRUE,S,canine,0,0,0,1.1526108146683927,-4.852983269233164
S-91,3196090-03,2026-04-23 17:01:42,TP,6.738634627,6.407842926711788,5.95,PASS,FALSE,S,canine,0,0,0,1.0215531074533013,0.19268277314491566
S-91,3196090-03,2026-04-23 17:01:42,PHOS,4.994938083,4.8323357938560445,2.6,PASS,TRUE,S,canine,0,0,0,1.243620294351967,-1.0146527793628
S-91,3196090-03,2026-04-23 17:01:42,TRIG,245.8816519,171.72516008204454,88.6,PASS,TRUE,S,canine,0,0,0,1.6566651059160242,-38.60942861576657
S-91,3196090-03,2026-04-23 17:01:42,BUN,29.50281556,19.840311464344396,20.38,PASS,FALSE,S,canine,0,0,0,1.4556444062305274,0.6223771590556773
S-91,3196090-03,2026-04-23 17:01:42,AST,44.25134469,42.17449143558649,21.6,PASS,FALSE,S,canine,0,0,0,1.0527500542043366,-0.1478534548540118
S-91,3196090-03,2026-04-23 17:01:42,CK,368.7964365,62.38242525113742,70.18611159,PASS,FALSE,S,canine,0,0,0,5.148580565404912,47.615494229169286
S-91,3196090-03,2026-04-23 17:01:42,GLU,110.767931,110.39759360484523,95.05,PASS,FALSE,S,canine,0,0,0,1.0318408759591173,-3.1448186890021503
S-91,3196090-03,2026-04-23 17:01:42,ALB,2.808936476,3.3639602054101987,3.44,PASS,FALSE,S,canine,0,0,0,0.8662807698293206,-0.10519756041794626
S-91,3196090-03,2026-04-23 17:01:42,ALP,201.9672168,174.2215263152102,28.2,PASS,TRUE,S,canine,0,0,0,1.0463097700634147,19.677531661035232
S-91,3196090-03,2026-04-23 17:01:42,CREA,0.5080917455,0.5027022505016765,1.23,PASS,TRUE,S,canine,0,0,0,1.010613970791601,5.382799462660959e-5
S-91,3196090-03,2026-04-23 17:01:42,Ca,12.71721715,9.01927366114157,9.89,PASS,FALSE,S,canine,0,0,0,1.6124902376562238,-1.8262735793406897
S-91,3196090-03,2026-04-23 17:01:42,Mg,2.227074028,2.0311486655652993,1.83,PASS,FALSE,S,canine,0,0,0,1.109707539492933,-0.026906960008822534
S-91,3196090-03,2026-04-23 17:01:42,ALT,204.3940944,143.44636355069187,34.9,PASS,TRUE,S,canine,0,0,0,1.179201132613153,35.241980031786014
S-91,3196090-03,2026-04-23 17:01:42,TBIL,0.221116804,0.13076043565030984,0.13,PASS,FALSE,S,canine,0,0,0,0.5183781500886099,0.15333345126281167
S-91,3196090-03,2026-04-23 17:01:42,LAC,4.65875816,4.2551974497638865,3.34,PASS,TRUE,S,canine,0,0,0,1.0995168177878338,-0.019902999023293955
S-92,3195059-02,2026-04-23 17:34:32,AMY,413.2806265,520.384594161758,562.9,PASS,FALSE,S,canine,1,0,0,0.8068823003743819,-6.608491916628395
S-92,3195059-02,2026-04-23 17:34:32,CHOL,138.3306024,124.22544005925126,124.63,PASS,FALSE,S,canine,1,0,0,1.1526108146683927,-4.852983269233164
S-92,3195059-02,2026-04-23 17:34:32,TP,6.278941028,5.957848114258033,6.26,PASS,FALSE,S,canine,1,0,0,1.0215531074533013,0.19268277314491566
S-92,3195059-02,2026-04-23 17:34:32,PHOS,4.553978501,4.4777584489842495,4.58,PASS,FALSE,S,canine,1,0,0,1.243620294351967,-1.0146527793628
S-92,3195059-02,2026-04-23 17:34:32,TRIG,101.1528082,84.36360270803642,102.26,PASS,FALSE,S,canine,1,0,0,1.6566651059160242,-38.60942861576657
S-92,3195059-02,2026-04-23 17:34:32,BUN,48.00572075,32.551455141194914,31.6,PASS,FALSE,S,canine,1,0,0,1.4556444062305274,0.6223771590556773
S-92,3195059-02,2026-04-23 17:34:32,AST,22.21860427,21.245743598425623,26.4,PASS,FALSE,S,canine,1,0,0,1.0527500542043366,-0.1478534548540118
S-92,3195059-02,2026-04-23 17:34:32,CK,146.6265351,19.230745175887904,18.92940787,PASS,FALSE,S,canine,1,0,0,5.148580565404912,47.615494229169286
S-92,3195059-02,2026-04-23 17:34:32,GLU,91.80001324,92.01499392117896,92.08,PASS,FALSE,S,canine,1,0,0,1.0318408759591173,-3.1448186890021503
S-92,3195059-02,2026-04-23 17:34:32,ALB,2.843775609,3.404177112229987,3.4,PASS,FALSE,S,canine,1,0,0,0.8662807698293206,-0.10519756041794626
S-92,3195059-02,2026-04-23 17:34:32,ALP,444.6048057,406.1199524240424,405.3,PASS,FALSE,S,canine,1,0,0,1.0463097700634147,19.677531661035232
S-92,3195059-02,2026-04-23 17:34:32,CREA,0.8432374454,0.8343280834965288,0.92,PASS,FALSE,S,canine,1,0,0,1.010613970791601,5.382799462660959e-5
S-92,3195059-02,2026-04-23 17:34:32,Ca,NA,NA,NA,PASS,FALSE,S,canine,1,0,0,NA,NA
S-92,3195059-02,2026-04-23 17:34:32,Mg,NA,NA,NA,PASS,FALSE,S,canine,1,0,0,NA,NA
S-92,3195059-02,2026-04-23 17:34:32,ALT,NA,NA,NA,PASS,FALSE,S,canine,1,0,0,NA,NA
S-92,3195059-02,2026-04-23 17:34:32,TBIL,NA,NA,NA,PASS,FALSE,S,canine,1,0,0,NA,NA
S-92,3195059-02,2026-04-23 17:34:32,LAC,NA,NA,NA,PASS,FALSE,S,canine,1,0,0,NA,NA
S-93,3203976-06,2026-04-23 18:09:44,AMY,480.8184376,604.086778567914,636.3,PASS,FALSE,S,canine,1,0,0,0.8068823003743819,-6.608491916628395
S-93,3203976-06,2026-04-23 18:09:44,CHOL,321.1979492,282.88033421154245,262.94,PASS,FALSE,S,canine,1,0,0,1.1526108146683927,-4.852983269233164
S-93,3203976-06,2026-04-23 18:09:44,TP,6.423635904,6.0994901639413035,6.26,PASS,FALSE,S,canine,1,0,0,1.0215531074533013,0.19268277314491566
S-93,3203976-06,2026-04-23 18:09:44,PHOS,4.397638029,4.352044456771324,4.37,PASS,FALSE,S,canine,1,0,0,1.243620294351967,-1.0146527793628
S-93,3203976-06,2026-04-23 18:09:44,TRIG,58.15257757,58.407704635188594,70.47,PASS,FALSE,S,canine,1,0,0,1.6566651059160242,-38.60942861576657
S-93,3203976-06,2026-04-23 18:09:44,BUN,36.55799847,24.687087833491994,23.98,PASS,FALSE,S,canine,1,0,0,1.4556444062305274,0.6223771590556773
S-93,3203976-06,2026-04-23 18:09:44,AST,20.49858535,19.611909514892865,21.5,PASS,FALSE,S,canine,1,0,0,1.0527500542043366,-0.1478534548540118
S-93,3203976-06,2026-04-23 18:09:44,CK,87.91661861,7.827618480252181,4.502472612,PASS,FALSE,S,canine,1,0,0,5.148580565404912,47.615494229169286
S-93,3203976-06,2026-04-23 18:09:44,GLU,90.6282811,90.87941946653171,89.39,PASS,FALSE,S,canine,1,0,0,1.0318408759591173,-3.1448186890021503
S-93,3203976-06,2026-04-23 18:09:44,ALB,2.662597376,3.1950321798823635,3.16,PASS,FALSE,S,canine,1,0,0,0.8662807698293206,-0.10519756041794626
S-93,3203976-06,2026-04-23 18:09:44,ALP,237.4729464,208.15576894189246,206,PASS,FALSE,S,canine,1,0,0,1.0463097700634147,19.677531661035232
S-93,3203976-06,2026-04-23 18:09:44,CREA,0.6924518309,0.6851260945492638,0.73,PASS,FALSE,S,canine,1,0,0,1.010613970791601,5.382799462660959e-5
S-93,3203976-06,2026-04-23 18:09:44,Ca,12.94318224,9.15940789868489,10.03,PASS,FALSE,S,canine,1,0,0,1.6124902376562238,-1.8262735793406897
S-93,3203976-06,2026-04-23 18:09:44,Mg,2.125837088,1.9399201784215074,2.11,PASS,FALSE,S,canine,1,0,0,1.109707539492933,-0.026906960008822534
S-93,3203976-06,2026-04-23 18:09:44,ALT,69.34095099,28.917010012235494,22.5,PASS,FALSE,S,canine,1,0,0,1.179201132613153,35.241980031786014
S-93,3203976-06,2026-04-23 18:09:44,TBIL,0.2527485134,0.19178096553682794,0.168,PASS,FALSE,S,canine,1,0,0,0.5183781500886099,0.15333345126281167
S-93,3203976-06,2026-04-23 18:09:44,LAC,1.914148741,1.7590015075117247,1.75,PASS,FALSE,S,canine,1,0,0,1.0995168177878338,-0.019902999023293955
S-117,3199478-01,2026-04-24 13:34:21,AMY,-34.17123044,NA,42.7,PASS,FALSE,S,feline,0,0,2,NA,NA
S-117,3199478-01,2026-04-24 13:34:21,CHOL,-1.294655442,NA,7.15,PASS,FALSE,S,feline,0,0,2,NA,NA
S-117,3199478-01,2026-04-24 13:34:21,TP,1.439945856,1.131193103935141,1.13,PASS,FALSE,S,feline,0,0,2,1.029357337815499,0.2755439339780721
S-117,3199478-01,2026-04-24 13:34:21,PHOS,33.5016308,31.97005292623784,38.93,PASS,FALSE,S,feline,0,0,2,1.0511009346966473,-0.1021217130698755
S-117,3199478-01,2026-04-24 13:34:21,TRIG,280.5142581,196.0946606027165,166.98,PASS,FALSE,S,feline,0,0,2,1.6307165055732793,-39.26054159964
S-117,3199478-01,2026-04-24 13:34:21,BUN,33.65262855,23.26221422084604,378.91,PASS,TRUE,S,feline,0,0,2,1.3761557226956858,1.6401993274097642
S-117,3199478-01,2026-04-24 13:34:21,AST,635.4165946,692.641540245046,719,PASS,FALSE,S,feline,0,0,2,0.9146720835251358,1.8767138480046093
S-117,3199478-01,2026-04-24 13:34:21,CK,89.82540282,NA,-3.685685732,PASS,FALSE,S,feline,0,0,2,NA,NA
S-117,3199478-01,2026-04-24 13:34:21,GLU,5.634377154,0.9454964501920732,0.92,PASS,FALSE,S,feline,0,0,2,0.9309481678047301,4.754168966027813
S-117,3199478-01,2026-04-24 13:34:21,ALB,0.1292478862,0.56367130401893,0.57,PASS,FALSE,S,feline,0,0,2,0.8805165656311053,-0.3670740345595548
S-117,3199478-01,2026-04-24 13:34:21,ALP,18.79113032,NA,NA,PASS,FALSE,S,feline,0,0,2,NA,NA
S-117,3199478-01,2026-04-24 13:34:21,CREA,3.994812967,3.8768078973040216,8.26,PASS,TRUE,S,feline,0,0,2,1.0333263809949713,-0.011194907333888615
S-117,3199478-01,2026-04-24 13:34:21,Ca,7.585740808,5.869188327216004,5.81,PASS,FALSE,S,feline,0,0,2,1.4989912987841354,-1.2121214254222057
S-117,3199478-01,2026-04-24 13:34:21,Mg,4.182111516,3.9186090364230415,4.36,PASS,FALSE,S,feline,0,0,2,1.0582729654166796,0.035153510715990155
S-117,3199478-01,2026-04-24 13:34:21,ALT,27.96272969,-10.275426327535287,23,PASS,TRUE,S,feline,0,0,2,1.0556743825534889,38.81023403379468
S-117,3199478-01,2026-04-24 13:34:21,TBIL,0.1203494284,0.02541896270840991,0.149,PASS,FALSE,S,feline,0,0,2,0.6992320153380858,0.10257567587759489
S-117,3199478-01,2026-04-24 13:34:21,LAC,20.39779801,19.436921053173588,23.5,PASS,FALSE,S,feline,0,0,2,1.0485360511543997,0.01748556230554943
E-106,3224859-03,2026-04-23 19:16:49,AMY,264.6639422,336.19827078963294,387.2,PASS,FALSE,E,canine,0,0,0,0.8068823003743819,-6.608491916628395
E-106,3224859-03,2026-04-23 19:16:49,CHOL,161.5137632,144.33904692894717,145.22,PASS,FALSE,E,canine,0,0,0,1.1526108146683927,-4.852983269233164
E-106,3224859-03,2026-04-23 19:16:49,TP,5.437703788,5.134359610466803,5.04,PASS,FALSE,E,canine,0,0,0,1.0215531074533013,0.19268277314491566
E-106,3224859-03,2026-04-23 19:16:49,PHOS,3.154014281,3.3520416796792736,3.4,PASS,FALSE,E,canine,0,0,0,1.243620294351967,-1.0146527793628
E-106,3224859-03,2026-04-23 19:16:49,TRIG,-21.53766726,NA,20.47,PASS,FALSE,E,canine,0,0,0,NA,NA
E-106,3224859-03,2026-04-23 19:16:49,BUN,30.44393335,20.48684147261549,19.92,PASS,FALSE,E,canine,0,0,0,1.4556444062305274,0.6223771590556773
E-106,3224859-03,2026-04-23 19:16:49,AST,57.71570598,54.96419516082287,68.6,PASS,FALSE,E,canine,0,0,0,1.0527500542043366,-0.1478534548540118
E-106,3224859-03,2026-04-23 19:16:49,CK,NA,NA,14.42706481,PASS,FALSE,E,canine,0,0,0,NA,NA
E-106,3224859-03,2026-04-23 19:16:49,GLU,120.4705691,119.80082459332608,125.8,PASS,FALSE,E,canine,0,0,0,1.0318408759591173,-3.1448186890021503
E-106,3224859-03,2026-04-23 19:16:49,ALB,2.36568863,2.852292555108633,2.81,PASS,FALSE,E,canine,0,0,0,0.8662807698293206,-0.10519756041794626
E-106,3224859-03,2026-04-23 19:16:49,ALP,42.23887458,21.562775732847616,20.4,PASS,FALSE,E,canine,0,0,0,1.0463097700634147,19.677531661035232
E-106,3224859-03,2026-04-23 19:16:49,CREA,0.6351267957,0.6284031153932383,0.64,PASS,FALSE,E,canine,0,0,0,1.010613970791601,5.382799462660959e-5
E-106,3224859-03,2026-04-23 19:16:49,Ca,NA,NA,NA,PASS,FALSE,E,canine,0,0,0,NA,NA
E-106,3224859-03,2026-04-23 19:16:49,Mg,NA,NA,NA,PASS,FALSE,E,canine,0,0,0,NA,NA
E-106,3224859-03,2026-04-23 19:16:49,ALT,NA,NA,NA,PASS,FALSE,E,canine,0,0,0,NA,NA
E-106,3224859-03,2026-04-23 19:16:49,TBIL,NA,NA,NA,PASS,FALSE,E,canine,0,0,0,NA,NA
E-106,3224859-03,2026-04-23 19:16:49,LAC,NA,NA,NA,PASS,FALSE,E,canine,0,0,0,NA,NA
E-108,3226774-03,2026-04-23 21:54:09,AMY,222.5822973,284.044883758495,298.7,PASS,FALSE,E,canine,0,0,0,0.8068823003743819,-6.608491916628395
E-108,3226774-03,2026-04-23 21:54:09,CHOL,462.2320993,405.2409335614416,413.23,PASS,FALSE,E,canine,0,0,0,1.1526108146683927,-4.852983269233164
E-108,3226774-03,2026-04-23 21:54:09,TP,6.849033434,6.515912498616102,6.33,PASS,FALSE,E,canine,0,0,0,1.0215531074533013,0.19268277314491566
E-108,3226774-03,2026-04-23 21:54:09,PHOS,6.476591329,6.023739032231202,5.94,PASS,FALSE,E,canine,0,0,0,1.243620294351967,-1.0146527793628
E-108,3226774-03,2026-04-23 21:54:09,TRIG,38.10472858,46.306375936703766,42.66,PASS,FALSE,E,canine,0,0,0,1.6566651059160242,-38.60942861576657
E-108,3226774-03,2026-04-23 21:54:09,BUN,31.0189363,20.88185755452316,21.32,PASS,FALSE,E,canine,0,0,0,1.4556444062305274,0.6223771590556773
E-108,3226774-03,2026-04-23 21:54:09,AST,20.93048586,20.022168824094642,23.7,PASS,FALSE,E,canine,0,0,0,1.0527500542043366,-0.1478534548540118
E-108,3226774-03,2026-04-23 21:54:09,CK,NA,NA,4.511961423,PASS,FALSE,E,canine,0,0,0,NA,NA
E-108,3226774-03,2026-04-23 21:54:09,GLU,77.266392,77.92985581643902,78.11,PASS,FALSE,E,canine,0,0,0,1.0318408759591173,-3.1448186890021503
E-108,3226774-03,2026-04-23 21:54:09,ALB,3.003721833,3.588812659468919,3.65,PASS,FALSE,E,canine,0,0,0,0.8662807698293206,-0.10519756041794626
E-108,3226774-03,2026-04-23 21:54:09,ALP,NA,NA,NA,PASS,FALSE,E,canine,0,0,0,NA,NA
E-108,3226774-03,2026-04-23 21:54:09,CREA,NA,NA,NA,PASS,FALSE,E,canine,0,0,0,NA,NA
E-108,3226774-03,2026-04-23 21:54:09,Ca,NA,NA,NA,PASS,FALSE,E,canine,0,0,0,NA,NA
E-108,3226774-03,2026-04-23 21:54:09,Mg,NA,NA,NA,PASS,FALSE,E,canine,0,0,0,NA,NA
E-108,3226774-03,2026-04-23 21:54:09,ALT,NA,NA,NA,PASS,FALSE,E,canine,0,0,0,NA,NA
E-108,3226774-03,2026-04-23 21:54:09,TBIL,NA,NA,NA,PASS,FALSE,E,canine,0,0,0,NA,NA
E-108,3226774-03,2026-04-23 21:54:09,LAC,NA,NA,NA,PASS,FALSE,E,canine,0,0,0,NA,NA
E-120,3206235-03,2026-04-24 19:49:04,AMY,352.4475135,NA,NA,PASS,FALSE,E,canine,9,9,2009,NA,NA
E-120,3206235-03,2026-04-24 19:49:04,CHOL,302.3475836,NA,NA,PASS,FALSE,E,canine,9,9,2009,NA,NA
E-120,3206235-03,2026-04-24 19:49:04,TP,5.434616801,NA,NA,PASS,FALSE,E,canine,9,9,2009,NA,NA
E-120,3206235-03,2026-04-24 19:49:04,PHOS,4.081240123,NA,NA,PASS,FALSE,E,canine,9,9,2009,NA,NA
E-120,3206235-03,2026-04-24 19:49:04,TRIG,140.7905149,NA,NA,PASS,FALSE,E,canine,9,9,2009,NA,NA
E-120,3206235-03,2026-04-24 19:49:04,BUN,21.06509206,NA,NA,PASS,FALSE,E,canine,9,9,2009,NA,NA
E-120,3206235-03,2026-04-24 19:49:04,AST,109.5950764,NA,NA,PASS,FALSE,E,canine,9,9,2009,NA,NA
E-120,3206235-03,2026-04-24 19:49:04,CK,176.6486717,25.06189343483311,27.4759709,PASS,FALSE,E,canine,9,9,2009,5.148580565404912,47.615494229169286
E-120,3206235-03,2026-04-24 19:49:04,GLU,101.4872519,NA,NA,PASS,FALSE,E,canine,9,9,2009,NA,NA
E-120,3206235-03,2026-04-24 19:49:04,ALB,2.098756999,NA,NA,PASS,FALSE,E,canine,9,9,2009,NA,NA
E-120,3206235-03,2026-04-24 19:49:04,ALP,196.3613455,NA,NA,PASS,FALSE,E,canine,9,9,2009,NA,NA
E-120,3206235-03,2026-04-24 19:49:04,CREA,0.792437022,NA,NA,PASS,FALSE,E,canine,9,9,2009,NA,NA
E-120,3206235-03,2026-04-24 19:49:04,Ca,12.09769579,NA,NA,PASS,FALSE,E,canine,9,9,2009,NA,NA
E-120,3206235-03,2026-04-24 19:49:04,Mg,1.353240188,NA,NA,PASS,FALSE,E,canine,9,9,2009,NA,NA
E-120,3206235-03,2026-04-24 19:49:04,ALT,148.4507967,NA,NA,PASS,FALSE,E,canine,9,9,2009,NA,NA
E-120,3206235-03,2026-04-24 19:49:04,TBIL,0.3355384531,NA,NA,PASS,FALSE,E,canine,9,9,2009,NA,NA
E-120,3206235-03,2026-04-24 19:49:04,LAC,2.389957863,NA,NA,PASS,FALSE,E,canine,9,9,2009,NA,NA
E-133,3227462-03,2026-04-24 23:56:38,AMY,286.9072441,363.7652429362266,384.8,PASS,FALSE,E,canine,0,0,0,0.8068823003743819,-6.608491916628395
E-133,3227462-03,2026-04-24 23:56:38,CHOL,241.9680705,214.14084496530066,219.37,PASS,FALSE,E,canine,0,0,0,1.1526108146683927,-4.852983269233164
E-133,3227462-03,2026-04-24 23:56:38,TP,5.955277307,NA,NA,PASS,FALSE,E,canine,0,0,0,NA,NA
E-133,3227462-03,2026-04-24 23:56:38,PHOS,6.253820715,5.844608299955654,5.86,PASS,FALSE,E,canine,0,0,0,1.243620294351967,-1.0146527793628
E-133,3227462-03,2026-04-24 23:56:38,TRIG,-2.291949312,NA,27,PASS,FALSE,E,canine,0,0,0,NA,NA
E-133,3227462-03,2026-04-24 23:56:38,BUN,35.98893386,24.29615127813255,24.22,PASS,FALSE,E,canine,0,0,0,1.4556444062305274,0.6223771590556773
E-133,3227462-03,2026-04-24 23:56:38,AST,255.5918452,242.9253721085209,273.8,PASS,FALSE,E,canine,0,0,0,1.0527500542043366,-0.1478534548540118
E-133,3227462-03,2026-04-24 23:56:38,CK,185.3603919,26.75395595368288,29.09520957,PASS,FALSE,E,canine,0,0,0,5.148580565404912,47.615494229169286
E-133,3227462-03,2026-04-24 23:56:38,GLU,97.82171343,NA,NA,PASS,FALSE,E,canine,0,0,0,NA,NA
E-133,3227462-03,2026-04-24 23:56:38,ALB,2.98202488,3.5637665615343255,3.71,PASS,FALSE,E,canine,0,0,0,0.8662807698293206,-0.10519756041794626
E-133,3227462-03,2026-04-24 23:56:38,ALP,117.3545607,NA,NA,PASS,FALSE,E,canine,0,0,0,NA,NA
E-133,3227462-03,2026-04-24 23:56:38,CREA,0.5093899485,0.503986819127799,0.46,PASS,FALSE,E,canine,0,0,0,1.010613970791601,5.382799462660959e-5
E-133,3227462-03,2026-04-24 23:56:38,Ca,8.912803199,6.659932896059007,6.91,PASS,FALSE,E,canine,0,0,0,1.6124902376562238,-1.8262735793406897
E-133,3227462-03,2026-04-24 23:56:38,Mg,2.185443444,1.9936337505823638,1.97,PASS,FALSE,E,canine,0,0,0,1.109707539492933,-0.026906960008822534
E-133,3227462-03,2026-04-24 23:56:38,ALT,325.777681,NA,NA,PASS,FALSE,E,canine,0,0,0,NA,NA
E-133,3227462-03,2026-04-24 23:56:38,TBIL,0.2089935437,0.10737353113296534,0.226,PASS,FALSE,E,canine,0,0,0,0.5183781500886099,0.15333345126281167
E-133,3227462-03,2026-04-24 23:56:38,LAC,4.757286953,4.344808441979753,4.57,PASS,FALSE,E,canine,0,0,0,1.0995168177878338,-0.019902999023293955
H-78,3195075-03,2026-04-23 15:54:33,AMY,245.4833734,312.42706055103866,299.6,PASS,FALSE,H,canine,9,9,2009,0.8068823003743819,-6.608491916628395
H-78,3195075-03,2026-04-23 15:54:33,CHOL,116.3923101,105.1918755457067,107.28,PASS,FALSE,H,canine,9,9,2009,1.1526108146683927,-4.852983269233164
H-78,3195075-03,2026-04-23 15:54:33,TP,4.898905379,4.606928970719442,4.67,PASS,FALSE,H,canine,9,9,2009,1.0215531074533013,0.19268277314491566
H-78,3195075-03,2026-04-23 15:54:33,PHOS,5.260030214,5.045497425427952,5.17,PASS,FALSE,H,canine,9,9,2009,1.243620294351967,-1.0146527793628
H-78,3195075-03,2026-04-23 15:54:33,TRIG,87.78004762,76.29150622200237,74.46,PASS,FALSE,H,canine,9,9,2009,1.6566651059160242,-38.60942861576657
H-78,3195075-03,2026-04-23 15:54:33,BUN,81.35481813,55.461650266637236,52.61,PASS,FALSE,H,canine,9,9,2009,1.4556444062305274,0.6223771590556773
H-78,3195075-03,2026-04-23 15:54:33,AST,45.50198632,43.36246727563072,52.6,PASS,FALSE,H,canine,9,9,2009,1.0527500542043366,-0.1478534548540118
H-78,3195075-03,2026-04-23 15:54:33,CK,407.346915,69.87001877526986,79.27572837,PASS,FALSE,H,canine,9,9,2009,5.148580565404912,47.615494229169286
H-78,3195075-03,2026-04-23 15:54:33,GLU,77.79727485,78.44435651356108,83.66,PASS,FALSE,H,canine,9,9,2009,1.0318408759591173,-3.1448186890021503
H-78,3195075-03,2026-04-23 15:54:33,ALB,2.169279209,2.6255653462861424,2.57,PASS,FALSE,H,canine,9,9,2009,0.8662807698293206,-0.10519756041794626
H-78,3195075-03,2026-04-23 15:54:33,ALP,401.7121899,365.1257678840277,340,PASS,FALSE,H,canine,9,9,2009,1.0463097700634147,19.677531661035232
H-78,3195075-03,2026-04-23 15:54:33,CREA,1.8713149,1.8516081571083352,1.77,PASS,FALSE,H,canine,9,9,2009,1.010613970791601,5.382799462660959e-5
H-78,3195075-03,2026-04-23 15:54:33,Ca,12.30445111,8.763293171858137,8.35,PASS,FALSE,H,canine,9,9,2009,1.6124902376562238,-1.8262735793406897
H-78,3195075-03,2026-04-23 15:54:33,Mg,3.076500889,2.7965997693652564,2.87,PASS,FALSE,H,canine,9,9,2009,1.109707539492933,-0.026906960008822534
H-78,3195075-03,2026-04-23 15:54:33,ALT,78.78675695,36.927353369918464,30.2,PASS,FALSE,H,canine,9,9,2009,1.179201132613153,35.241980031786014
H-78,3195075-03,2026-04-23 15:54:33,TBIL,0.258861767,0.2035740042653219,0.197,PASS,FALSE,H,canine,9,9,2009,0.5183781500886099,0.15333345126281167
H-78,3195075-03,2026-04-23 15:54:33,LAC,4.186064174,3.82528680323914,3.92,PASS,FALSE,H,canine,9,9,2009,1.0995168177878338,-0.019902999023293955
S-102,3217145-03,2026-04-23 23:07:27,AMY,1203.032002,1459.6262135547192,1413.4,PASS,FALSE,S,feline,0,0,2,0.8230559845073662,1.6779117899612856
S-102,3217145-03,2026-04-23 23:07:27,CHOL,84.77287853,79.29888282140546,77.82,PASS,FALSE,S,feline,0,0,2,1.1309684490517473,-4.911655986061177
S-102,3217145-03,2026-04-23 23:07:27,TP,8.211479145,7.70960182579896,7.51,PASS,FALSE,S,feline,0,0,2,1.029357337815499,0.2755439339780721
S-102,3217145-03,2026-04-23 23:07:27,PHOS,5.062175292,4.913226536669684,4.92,PASS,FALSE,S,feline,0,0,2,1.0511009346966473,-0.1021217130698755
S-102,3217145-03,2026-04-23 23:07:27,TRIG,4.860851917,27.056446271223027,29.51,PASS,FALSE,S,feline,0,0,2,1.6307165055732793,-39.26054159964
S-102,3217145-03,2026-04-23 23:07:27,BUN,24.57586699,16.666476972288173,18.2,PASS,FALSE,S,feline,0,0,2,1.3761557226956858,1.6401993274097642
S-102,3217145-03,2026-04-23 23:07:27,AST,19.95324176,19.762850793837128,19.1,PASS,FALSE,S,feline,0,0,2,0.9146720835251358,1.8767138480046093
S-102,3217145-03,2026-04-23 23:07:27,CK,122.3302906,12.669963635234549,11.47240517,PASS,FALSE,S,feline,0,0,2,4.443649554151584,66.02941234117321
S-102,3217145-03,2026-04-23 23:07:27,GLU,101.3409043,103.75092693047935,102.05,PASS,FALSE,S,feline,0,0,2,0.9309481678047301,4.754168966027813
S-102,3217145-03,2026-04-23 23:07:27,ALB,2.298724413,3.0275392327784987,2.95,PASS,FALSE,S,feline,0,0,2,0.8805165656311053,-0.3670740345595548
S-102,3217145-03,2026-04-23 23:07:27,ALP,33.22722538,13.609683200392588,8.9,PASS,FALSE,S,feline,0,0,2,1.0208285288709618,19.334072500143392
S-102,3217145-03,2026-04-23 23:07:27,CREA,0.9099044649,0.8913924866090989,1.04,PASS,FALSE,S,feline,0,0,2,1.0333263809949713,-0.011194907333888615
S-102,3217145-03,2026-04-23 23:07:27,Ca,10.88047559,8.067156243822613,8.08,PASS,FALSE,S,feline,0,0,2,1.4989912987841354,-1.2121214254222057
S-102,3217145-03,2026-04-23 23:07:27,Mg,2.682638802,2.501703603702662,2.53,PASS,FALSE,S,feline,0,0,2,1.0582729654166796,0.035153510715990155
S-102,3217145-03,2026-04-23 23:07:27,ALT,74.48888966,33.797027015001525,41.7,PASS,FALSE,S,feline,0,0,2,1.0556743825534889,38.81023403379468
S-102,3217145-03,2026-04-23 23:07:27,TBIL,0.5536290523,0.6450696857813587,0.645,PASS,FALSE,S,feline,0,0,2,0.6992320153380858,0.10257567587759489
S-102,3217145-03,2026-04-23 23:07:27,LAC,1.14670518,1.0769487767742667,1.06,PASS,FALSE,S,feline,0,0,2,1.0485360511543997,0.01748556230554943
S-110,3210220-03,2026-04-24 1:16:48,AMY,775.9645307,940.745992356136,998.2,PASS,FALSE,S,feline,0,0,0,0.8230559845073662,1.6779117899612856
S-110,3210220-03,2026-04-24 1:16:48,CHOL,148.1861199,135.36874173141166,137.62,PASS,FALSE,S,feline,0,0,0,1.1309684490517473,-4.911655986061177
S-110,3210220-03,2026-04-24 1:16:48,TP,6.616637072,6.160244751816689,6.17,PASS,FALSE,S,feline,0,0,0,1.029357337815499,0.2755439339780721
S-110,3210220-03,2026-04-24 1:16:48,PHOS,3.155078835,3.0988465907985505,3.42,PASS,FALSE,S,feline,0,0,0,1.0511009346966473,-0.1021217130698755
S-110,3210220-03,2026-04-24 1:16:48,TRIG,6.840144981,28.270202958688568,31.66,PASS,FALSE,S,feline,0,0,0,1.6307165055732793,-39.26054159964
S-110,3210220-03,2026-04-24 1:16:48,BUN,25.67420926,17.464600507209433,17.31,PASS,FALSE,S,feline,0,0,0,1.3761557226956858,1.6401993274097642
S-110,3210220-03,2026-04-24 1:16:48,AST,19.9043195,19.709364674733706,18.8,PASS,FALSE,S,feline,0,0,0,0.9146720835251358,1.8767138480046093
S-110,3210220-03,2026-04-24 1:16:48,CK,284.8133776,49.23519791393603,50.35850759,PASS,FALSE,S,feline,0,0,0,4.443649554151584,66.02941234117321
S-110,3210220-03,2026-04-24 1:16:48,GLU,106.1564016,108.92360728641734,110.67,PASS,FALSE,S,feline,0,0,0,0.9309481678047301,4.754168966027813
S-110,3210220-03,2026-04-24 1:16:48,ALB,2.504148446,3.2608386856431513,3.4,PASS,FALSE,S,feline,0,0,0,0.8805165656311053,-0.3670740345595548
S-110,3210220-03,2026-04-24 1:16:48,ALP,53.14142847,33.11756579456846,32.1,PASS,FALSE,S,feline,0,0,0,1.0208285288709618,19.334072500143392
S-110,3210220-03,2026-04-24 1:16:48,CREA,1.129177566,1.10359368957158,1.16,PASS,FALSE,S,feline,0,0,0,1.0333263809949713,-0.011194907333888615
S-110,3210220-03,2026-04-24 1:16:48,Ca,11.71342617,8.622830303222173,8.79,PASS,FALSE,S,feline,0,0,0,1.4989912987841354,-1.2121214254222057
S-110,3210220-03,2026-04-24 1:16:48,Mg,2.301139567,2.1412113229140375,2.09,PASS,FALSE,S,feline,0,0,0,1.0582729654166796,0.035153510715990155
S-110,3210220-03,2026-04-24 1:16:48,ALT,70.39427321,29.91835332767016,27.2,PASS,FALSE,S,feline,0,0,0,1.0556743825534889,38.81023403379468
S-110,3210220-03,2026-04-24 1:16:48,TBIL,0.2120566768,0.15657320963696142,0.112,PASS,FALSE,S,feline,0,0,0,0.6992320153380858,0.10257567587759489
S-110,3210220-03,2026-04-24 1:16:48,LAC,2.503990212,2.3714059683087676,2.37,PASS,FALSE,S,feline,0,0,0,1.0485360511543997,0.01748556230554943
S-112,3217111-07,2026-04-24 2:04:33,AMY,866.0419525,1050.188634771178,1097.3,PASS,FALSE,S,feline,0,0,0,0.8230559845073662,1.6779117899612856
S-112,3217111-07,2026-04-24 2:04:33,CHOL,356.7194434,319.7534817963032,316.18,PASS,FALSE,S,feline,0,0,0,1.1309684490517473,-4.911655986061177
S-112,3217111-07,2026-04-24 2:04:33,TP,7.097023631,6.626930655100264,6.42,PASS,FALSE,S,feline,0,0,0,1.029357337815499,0.2755439339780721
S-112,3217111-07,2026-04-24 2:04:33,PHOS,7.760124098,7.4800102935299515,7.35,PASS,FALSE,S,feline,0,0,0,1.0511009346966473,-0.1021217130698755
S-112,3217111-07,2026-04-24 2:04:33,TRIG,87.93246677,77.9982344784848,67.51,PASS,FALSE,S,feline,0,0,0,1.6307165055732793,-39.26054159964
S-112,3217111-07,2026-04-24 2:04:33,BUN,81.24679867,57.84708665575483,60.39,PASS,FALSE,S,feline,0,0,0,1.3761557226956858,1.6401993274097642
S-112,3217111-07,2026-04-24 2:04:33,AST,180.8193067,195.63578693945993,186.2,PASS,FALSE,S,feline,0,0,0,0.9146720835251358,1.8767138480046093
S-112,3217111-07,2026-04-24 2:04:33,CK,370.3074827,68.47481257259538,71.7472553,PASS,FALSE,S,feline,0,0,0,4.443649554151584,66.02941234117321
S-112,3217111-07,2026-04-24 2:04:33,GLU,102.1244089,104.59254693371496,106.26,PASS,FALSE,S,feline,0,0,0,0.9309481678047301,4.754168966027813
S-112,3217111-07,2026-04-24 2:04:33,ALB,2.308453621,3.038588664872972,3.05,PASS,FALSE,S,feline,0,0,0,0.8805165656311053,-0.3670740345595548
S-112,3217111-07,2026-04-24 2:04:33,ALP,152.7062703,130.65093110923,129.9,PASS,FALSE,S,feline,0,0,0,1.0208285288709618,19.334072500143392
S-112,3217111-07,2026-04-24 2:04:33,CREA,3.947356047,3.8308815366953772,3.91,PASS,FALSE,S,feline,0,0,0,1.0333263809949713,-0.011194907333888615
S-112,3217111-07,2026-04-24 2:04:33,Ca,15.79919218,11.34850723898161,12.01,PASS,FALSE,S,feline,0,0,0,1.4989912987841354,-1.2121214254222057
S-112,3217111-07,2026-04-24 2:04:33,Mg,2.434932502,2.2676370555673526,2.11,PASS,FALSE,S,feline,0,0,0,1.0582729654166796,0.035153510715990155
S-112,3217111-07,2026-04-24 2:04:33,ALT,592.3074516,524.3067623061894,462.1,PASS,FALSE,S,feline,0,0,0,1.0556743825534889,38.81023403379468
S-112,3217111-07,2026-04-24 2:04:33,TBIL,0.2416735426,0.19892948788271644,0.259,PASS,FALSE,S,feline,0,0,0,0.6992320153380858,0.10257567587759489
S-112,3217111-07,2026-04-24 2:04:33,LAC,2.967592053,2.813547981918687,2.8,PASS,FALSE,S,feline,0,0,0,1.0485360511543997,0.01748556230554943
S-126,3196050-02,2026-04-24 16:47:26,AMY,577.629166,724.0680055140018,751.6,PASS,FALSE,S,canine,1,0,1,0.8068823003743819,-6.608491916628395
S-126,3196050-02,2026-04-24 16:47:26,CHOL,231.3309101,204.91209206394922,207.25,PASS,FALSE,S,canine,1,0,1,1.1526108146683927,-4.852983269233164
S-126,3196050-02,2026-04-24 16:47:26,TP,5.936605243,5.622735056990328,5.58,PASS,FALSE,S,canine,1,0,1,1.0215531074533013,0.19268277314491566
S-126,3196050-02,2026-04-24 16:47:26,PHOS,4.138267521,4.143483604895588,3.89,PASS,FALSE,S,canine,1,0,1,1.243620294351967,-1.0146527793628
S-126,3196050-02,2026-04-24 16:47:26,TRIG,195.2308352,141.15119765649234,133.48,PASS,FALSE,S,canine,1,0,1,1.6566651059160242,-38.60942861576657
S-126,3196050-02,2026-04-24 16:47:26,BUN,32.61568864,21.97879601914096,22.26,PASS,FALSE,S,canine,1,0,1,1.4556444062305274,0.6223771590556773
S-126,3196050-02,2026-04-24 16:47:26,AST,24.26421887,23.18885876791005,25.6,PASS,FALSE,S,canine,1,0,1,1.0527500542043366,-0.1478534548540118
S-126,3196050-02,2026-04-24 16:47:26,CK,50.52167606,NA,-4.340649673,PASS,FALSE,S,canine,1,0,1,NA,NA
S-126,3196050-02,2026-04-24 16:47:26,GLU,94.70146461,94.82691137628369,86.51,PASS,FALSE,S,canine,1,0,1,1.0318408759591173,-3.1448186890021503
S-126,3196050-02,2026-04-24 16:47:26,ALB,2.463887961,2.9656499496394475,2.85,PASS,FALSE,S,canine,1,0,1,0.8662807698293206,-0.10519756041794626
S-126,3196050-02,2026-04-24 16:47:26,ALP,90.21314054,67.4136961128536,66.9,PASS,FALSE,S,canine,1,0,1,1.0463097700634147,19.677531661035232
S-126,3196050-02,2026-04-24 16:47:26,CREA,0.8735217525,0.8642943297342278,0.86,PASS,FALSE,S,canine,1,0,1,1.010613970791601,5.382799462660959e-5
S-126,3196050-02,2026-04-24 16:47:26,Ca,12.5282864,8.902106595203476,9.34,PASS,FALSE,S,canine,1,0,1,1.6124902376562238,-1.8262735793406897
S-126,3196050-02,2026-04-24 16:47:26,Mg,1.781770505,1.6298685920754175,1.64,PASS,FALSE,S,canine,1,0,1,1.109707539492933,-0.026906960008822534
S-126,3196050-02,2026-04-24 16:47:26,ALT,71.02217881,30.342744582447736,25.2,PASS,FALSE,S,canine,1,0,1,1.179201132613153,35.241980031786014
S-126,3196050-02,2026-04-24 16:47:26,TBIL,0.2039319743,0.09760928972129554,0.164,PASS,FALSE,S,canine,1,0,1,0.5183781500886099,0.15333345126281167
S-126,3196050-02,2026-04-24 16:47:26,LAC,1.641207295,1.5107638802336418,1.5,PASS,FALSE,S,canine,1,0,1,1.0995168177878338,-0.019902999023293955
S-131,3198886-01,2026-04-24 19:08:33,AMY,751.6724156,NA,NA,PASS,FALSE,S,feline,0,0,0,NA,NA
S-131,3198886-01,2026-04-24 19:08:33,CHOL,225.2742464,NA,NA,PASS,FALSE,S,feline,0,0,0,NA,NA
S-131,3198886-01,2026-04-24 19:08:33,TP,6.933095718,NA,NA,PASS,FALSE,S,feline,0,0,0,NA,NA
S-131,3198886-01,2026-04-24 19:08:33,PHOS,4.94228605,NA,NA,PASS,FALSE,S,feline,0,0,0,NA,NA
S-131,3198886-01,2026-04-24 19:08:33,TRIG,60.22178867,NA,NA,PASS,FALSE,S,feline,0,0,0,NA,NA
S-131,3198886-01,2026-04-24 19:08:33,BUN,30.92265228,NA,NA,PASS,FALSE,S,feline,0,0,0,NA,NA
S-131,3198886-01,2026-04-24 19:08:33,AST,47.52531478,NA,NA,PASS,FALSE,S,feline,0,0,0,NA,NA
S-131,3198886-01,2026-04-24 19:08:33,CK,179.5408018,25.544631293612277,26.10808689,PASS,FALSE,S,feline,0,0,0,4.443649554151584,66.02941234117321
S-131,3198886-01,2026-04-24 19:08:33,GLU,123.1589202,NA,NA,PASS,FALSE,S,feline,0,0,0,NA,NA
S-131,3198886-01,2026-04-24 19:08:33,ALB,2.491545184,NA,NA,PASS,FALSE,S,feline,0,0,0,NA,NA
S-131,3198886-01,2026-04-24 19:08:33,ALP,43.3868032,NA,NA,PASS,FALSE,S,feline,0,0,0,NA,NA
S-131,3198886-01,2026-04-24 19:08:33,CREA,1.754822906,NA,NA,PASS,FALSE,S,feline,0,0,0,NA,NA
S-131,3198886-01,2026-04-24 19:08:33,Ca,12.87686914,NA,NA,PASS,FALSE,S,feline,0,0,0,NA,NA
S-131,3198886-01,2026-04-24 19:08:33,Mg,2.398560858,NA,NA,PASS,FALSE,S,feline,0,0,0,NA,NA
S-131,3198886-01,2026-04-24 19:08:33,ALT,77.77929252,NA,NA,PASS,FALSE,S,feline,0,0,0,NA,NA
S-131,3198886-01,2026-04-24 19:08:33,TBIL,0.1913783471,NA,NA,PASS,FALSE,S,feline,0,0,0,NA,NA
S-131,3198886-01,2026-04-24 19:08:33,LAC,2.513462198,NA,NA,PASS,FALSE,S,feline,0,0,0,NA,NA
S-133,3222296-03,2026-04-24 20:07:29,AMY,439.1081446,531.4708124889696,582.8,PASS,FALSE,S,feline,1,0,0,0.8230559845073662,1.6779117899612856
S-133,3222296-03,2026-04-24 20:07:29,CHOL,126.087134,115.8288633921629,113.79,PASS,FALSE,S,feline,1,0,0,1.1309684490517473,-4.911655986061177
S-133,3222296-03,2026-04-24 20:07:29,TP,5.349421861,4.929170600551316,4.96,PASS,FALSE,S,feline,1,0,0,1.029357337815499,0.2755439339780721
S-133,3222296-03,2026-04-24 20:07:29,PHOS,5.196109216,5.040649051081826,4.94,PASS,FALSE,S,feline,1,0,0,1.0511009346966473,-0.1021217130698755
S-133,3222296-03,2026-04-24 20:07:29,TRIG,65.59967227,64.30315355934681,80.18,PASS,FALSE,S,feline,1,0,0,1.6307165055732793,-39.26054159964
S-133,3222296-03,2026-04-24 20:07:29,BUN,34.39906078,23.804618120121223,24.42,PASS,FALSE,S,feline,1,0,0,1.3761557226956858,1.6401993274097642
S-133,3222296-03,2026-04-24 20:07:29,AST,38.50279566,40.04285521740085,40.8,PASS,FALSE,S,feline,1,0,0,0.9146720835251358,1.8767138480046093
S-133,3222296-03,2026-04-24 20:07:29,CK,340.0139505,61.65754855777281,61.64096982,PASS,FALSE,S,feline,1,0,0,4.443649554151584,66.02941234117321
S-133,3222296-03,2026-04-24 20:07:29,GLU,83.96006179,85.08088373034525,85.27,PASS,FALSE,S,feline,1,0,0,0.9309481678047301,4.754168966027813
S-133,3222296-03,2026-04-24 20:07:29,ALB,1.752117106,2.4067589677209953,2.34,PASS,FALSE,S,feline,1,0,0,0.8805165656311053,-0.3670740345595548
S-133,3222296-03,2026-04-24 20:07:29,ALP,31.8536304,12.264114438203704,15.4,PASS,FALSE,S,feline,1,0,0,1.0208285288709618,19.334072500143392
S-133,3222296-03,2026-04-24 20:07:29,CREA,1.545178809,1.5061782462529258,1.5,PASS,FALSE,S,feline,1,0,0,1.0333263809949713,-0.011194907333888615
S-133,3222296-03,2026-04-24 20:07:29,Ca,11.36718693,8.391848815683959,7.9,PASS,FALSE,S,feline,1,0,0,1.4989912987841354,-1.2121214254222057
S-133,3222296-03,2026-04-24 20:07:29,Mg,2.886862282,2.6946816789949755,2.68,PASS,FALSE,S,feline,1,0,0,1.0582729654166796,0.035153510715990155
S-133,3222296-03,2026-04-24 20:07:29,ALT,79.42731361,38.47500730098216,46.1,PASS,FALSE,S,feline,1,0,0,1.0556743825534889,38.81023403379468
S-133,3222296-03,2026-04-24 20:07:29,TBIL,0.2220826592,0.17091177277490974,0.127,PASS,FALSE,S,feline,1,0,0,0.6992320153380858,0.10257567587759489
S-133,3222296-03,2026-04-24 20:07:29,LAC,2.118455581,2.0037174843739134,1.97,PASS,FALSE,S,feline,1,0,0,1.0485360511543997,0.01748556230554943
H-106,3212416-01,2026-04-24 16:45:36,AMY,NA,NA,NA,PASS,FALSE,H,canine,0,0,0,NA,NA
H-106,3212416-01,2026-04-24 16:45:36,CHOL,73.67168047,68.12764789286207,65.67,PASS,FALSE,H,canine,0,0,0,1.1526108146683927,-4.852983269233164
H-106,3212416-01,2026-04-24 16:45:36,TP,6.359816655,6.037017397195873,5.85,PASS,FALSE,H,canine,0,0,0,1.0215531074533013,0.19268277314491566
H-106,3212416-01,2026-04-24 16:45:36,PHOS,3.222939973,3.4074651013724004,3.41,PASS,FALSE,H,canine,0,0,0,1.243620294351967,-1.0146527793628
H-106,3212416-01,2026-04-24 16:45:36,TRIG,NA,NA,NA,PASS,FALSE,H,canine,0,0,0,NA,NA
H-106,3212416-01,2026-04-24 16:45:36,BUN,NA,NA,NA,PASS,FALSE,H,canine,0,0,0,NA,NA
H-106,3212416-01,2026-04-24 16:45:36,AST,NA,NA,NA,PASS,FALSE,H,canine,0,0,0,NA,NA
H-106,3212416-01,2026-04-24 16:45:36,CK,126.7300642,NA,NA,PASS,FALSE,H,canine,0,0,0,NA,NA
H-106,3212416-01,2026-04-24 16:45:36,GLU,89.71011711,89.98958847476514,87.06,PASS,FALSE,H,canine,0,0,0,1.0318408759591173,-3.1448186890021503
H-106,3212416-01,2026-04-24 16:45:36,ALB,1.469287525,1.8175228404621748,1.79,PASS,FALSE,H,canine,0,0,0,0.8662807698293206,-0.10519756041794626
H-106,3212416-01,2026-04-24 16:45:36,ALP,138.92977870000001,113.97413122859126,120.2,PASS,FALSE,H,canine,0,0,0,1.0463097700634147,19.677531661035232
H-106,3212416-01,2026-04-24 16:45:36,CREA,1.051163898,1.0400707890294179,0.92,PASS,FALSE,H,canine,0,0,0,1.010613970791601,5.382799462660959e-5
H-106,3212416-01,2026-04-24 16:45:36,Ca,12.59930576,8.946149875802327,8.29,PASS,FALSE,H,canine,0,0,0,1.6124902376562238,-1.8262735793406897
H-106,3212416-01,2026-04-24 16:45:36,Mg,1.793688238,1.6406081180999463,1.61,PASS,FALSE,H,canine,0,0,0,1.109707539492933,-0.026906960008822534
H-106,3212416-01,2026-04-24 16:45:36,ALT,438.3791536,341.8731227596832,316.5,PASS,FALSE,H,canine,0,0,0,1.179201132613153,35.241980031786014
H-106,3212416-01,2026-04-24 16:45:36,TBIL,0.541843408,0.7494720922762228,0.689,PASS,FALSE,H,canine,0,0,0,0.5183781500886099,0.15333345126281167
H-106,3212416-01,2026-04-24 16:45:36,LAC,2.195591218,2.014970740948505,1.98,PASS,FALSE,H,canine,0,0,0,1.0995168177878338,-0.019902999023293955
